Participant,AQ,Gender,Age,004-021,004-026,004-029,004-051,004-060,004-062,004-073,004-081,004-119,004-154,004-166,004-183,004-185,004-231,007-004,007-021,007-051,007-060,007-079,007-081,007-088,007-119,007-122,007-176,007-231,021-051,021-060,021-062,021-073,021-079,021-081,021-088,021-119,021-122,021-178,021-231,026-007,026-021,026-051,026-060,026-073,026-079,026-081,026-088,026-105,026-119,026-154,026-166,026-185,026-208,026-231,029-007,029-021,029-026,029-051,029-062,029-119,029-154,029-178,029-185,051-060,051-073,051-079,051-085,051-088,051-105,051-154,051-176,051-178,051-208,060-029,060-073,060-079,060-081,060-088,060-105,060-122,060-166,060-231,062-007,062-026,062-051,062-060,062-079,062-088,062-105,062-122,062-166,062-208,062-231,073-007,073-029,073-062,073-081,073-119,073-154,073-185,073-208,073-231,079-004,079-029,079-073,079-081,079-085,079-088,079-105,079-154,079-166,079-183,079-208,079-231,081-029,081-051,081-062,081-088,081-105,081-154,081-176,081-178,081-183,081-208,085-004,085-007,085-021,085-026,085-029,085-060,085-062,085-073,085-081,085-088,085-105,085-122,085-154,085-166,085-176,085-178,085-183,085-208,085-231,088-004,088-029,088-073,088-105,088-122,088-154,088-166,088-183,088-231,105-004,105-007,105-021,105-029,105-073,105-122,105-154,105-176,105-231,119-051,119-060,119-062,119-079,119-081,119-085,119-088,119-105,119-122,119-154,119-166,119-178,119-208,122-004,122-026,122-029,122-051,122-073,122-079,122-081,122-166,122-183,122-208,154-007,154-021,154-060,154-062,154-122,154-166,154-178,154-183,166-007,166-021,166-029,166-051,166-073,166-081,166-105,166-178,166-183,166-185,166-231,176-004,176-021,176-026,176-029,176-060,176-062,176-073,176-079,176-088,176-119,176-122,176-154,176-166,176-178,176-185,176-208,176-231,178-004,178-007,178-026,178-060,178-062,178-073,178-079,178-088,178-105,178-122,178-231,183-007,183-021,183-026,183-029,183-051,183-060,183-062,183-073,183-105,183-119,183-176,183-178,183-208,183-231,185-007,185-021,185-051,185-060,185-062,185-079,185-081,185-085,185-088,185-105,185-119,185-122,185-154,185-178,185-183,185-231,208-004,208-007,208-021,208-029,208-060,208-088,208-105,208-154,208-166,208-178,208-185,208-231,231-029,231-051,231-081,231-119,231-122,231-154
4447506,18,Male,22,2,3,1,5,6,2,3,1,2,4,1,3,4,3,5,4,5,4,2,1,1,3,3,2,4,5,3,3,2,3,4,3,1,1,5,5,3,4,3,2,2,3,2,1,5,6,2,2,3,2,2,5,5,2,5,2,3,4,4,3,7,3,4,4,1,4,2,2,3,3,3,3,2,1,1,2,2,2,5,3,5,2,3,4,1,2,3,4,2,1,3,2,4,1,4,2,3,2,3,2,3,4,5,6,4,2,2,2,3,6,2,2,3,2,3,3,1,1,6,3,2,5,5,3,2,2,4,3,2,1,1,6,4,1,2,1,4,3,2,4,1,1,1,2,1,2,1,1,2,3,2,3,5,6,6,2,2,2,2,3,3,3,2,4,1,3,5,2,4,2,2,1,2,3,1,6,1,1,2,2,2,3,4,3,2,3,2,1,3,3,4,4,5,4,2,2,4,3,3,3,3,2,3,2,4,2,2,2,2,3,2,2,1,2,2,3,3,2,4,2,1,4,5,5,2,3,2,1,5,2,2,4,2,2,3,4,3,3,6,2,2,3,5,5,4,3,3,3,2,4,1,2,2,1,2,4,5,5,2,3,2,3,3,3,3,2,2,1,2,2,7,3,1,3,2,4
4447508,30,Female,47,5,4,2,7,8,1,8,1,2,8,4,6,5,6,5,7,4,8,2,1,1,7,5,6,4,8,5,6,7,1,5,2,1,2,4,8,8,2,2,6,5,1,1,2,8,8,3,1,2,1,4,8,8,4,6,3,5,2,6,8,8,8,1,5,1,5,7,3,1,5,8,7,1,3,1,5,3,1,3,5,3,7,8,8,2,5,2,7,5,5,4,7,3,1,4,2,5,1,6,5,1,3,8,1,4,1,1,6,2,1,2,1,5,7,1,1,1,4,8,2,2,2,3,6,5,3,7,1,4,1,1,1,5,7,8,1,5,5,1,7,2,1,1,1,2,2,1,1,1,8,3,6,6,6,8,2,5,2,3,1,1,3,1,3,1,5,8,1,2,2,1,2,7,1,4,4,1,1,5,3,1,4,7,6,1,2,3,2,8,5,7,7,4,6,8,2,6,7,7,7,4,7,2,4,2,5,6,1,3,1,3,5,5,1,7,7,5,2,1,1,7,8,6,7,1,3,1,2,4,6,2,3,5,3,2,5,2,1,8,1,2,7,8,6,6,8,8,1,6,2,1,6,1,7,5,1,5,3,2,2,2,2,6,1,3,1,2,2,4,1,6,8,1,5,1,8
4447530,30,Female,22,1,4,2,3,5,1,3,1,1,2,1,1,2,2,1,2,4,2,1,1,1,1,2,1,2,5,1,1,1,1,1,1,1,1,1,2,2,1,3,2,1,1,1,1,5,1,1,1,2,1,1,3,2,1,5,1,2,3,1,3,5,3,1,4,1,1,3,1,1,1,3,3,1,1,1,2,3,1,2,1,1,2,1,2,1,2,3,1,1,1,2,2,2,1,2,1,4,2,1,1,1,1,2,2,2,1,1,1,1,2,1,1,1,2,1,1,1,1,2,1,1,3,1,1,1,3,2,2,3,1,1,1,1,1,1,1,1,2,2,1,1,1,2,1,1,1,1,1,1,5,2,1,1,1,5,1,1,1,1,1,1,1,1,1,1,2,5,1,1,1,2,3,3,1,3,1,1,1,1,1,1,2,2,1,1,3,2,1,1,3,2,3,1,2,1,1,1,1,2,2,1,1,1,1,1,1,1,1,1,2,1,1,2,1,1,1,1,1,1,1,1,2,2,7,2,1,1,1,1,4,1,2,3,1,2,3,1,1,2,1,1,1,3,3,2,2,1,1,1,2,1,1,1,1,3,1,1,2,1,1,1,1,1,1,1,1,1,2,1,1,1,3,1,1,1,3
4447533,20,Male,20,3,2,2,2,2,4,4,4,3,3,5,3,3,3,2,6,2,4,1,2,2,2,4,4,3,4,5,4,2,2,1,2,3,4,2,6,2,3,1,3,8,2,1,5,4,4,2,4,4,2,3,4,2,2,4,3,3,2,2,5,6,2,2,3,4,4,2,1,3,1,3,1,1,2,2,5,6,2,2,1,3,2,1,3,3,1,2,3,2,2,2,4,3,1,2,2,3,3,3,3,2,4,2,5,3,2,5,4,3,2,1,3,2,4,3,1,1,5,6,5,2,7,1,1,6,3,8,3,4,2,1,2,4,2,5,3,3,2,3,3,1,3,3,3,2,2,4,2,2,5,6,2,3,3,6,1,2,4,4,3,3,3,2,2,3,2,6,7,3,3,2,2,2,2,3,3,2,1,4,5,3,3,2,3,3,2,2,2,4,4,2,2,3,5,3,3,3,3,5,6,4,4,3,2,2,4,4,2,2,2,3,3,2,2,3,3,5,2,3,3,3,2,2,2,4,3,2,1,5,3,4,2,3,3,3,3,6,3,4,2,7,2,1,3,2,4,3,2,1,5,2,3,3,3,3,5,6,4,2,2,3,2,3,1,4,1,2,2,1,2,4,4,1,4,2,2
4520832,26,Female,27,1,4,1,2,3,1,2,1,4,5,3,1,1,1,5,2,5,3,3,1,1,1,5,1,1,2,2,5,6,4,1,1,1,1,7,4,7,1,1,1,1,1,1,1,7,6,1,3,1,1,1,2,4,1,3,2,1,1,1,4,8,4,2,3,2,2,2,1,1,1,2,4,3,1,1,1,1,1,4,1,1,1,1,1,1,1,2,3,4,1,2,1,1,1,1,1,3,1,4,1,1,2,4,3,1,1,1,1,5,2,4,2,1,5,1,1,1,5,2,1,1,1,1,4,1,1,4,1,3,1,1,1,1,2,1,1,2,1,2,2,1,2,2,1,1,1,3,1,1,8,5,2,5,1,8,1,1,1,1,1,1,1,1,1,1,5,6,1,4,2,2,5,5,4,2,4,1,1,3,1,1,4,1,1,1,1,1,1,1,2,5,2,1,1,5,5,4,2,3,3,1,5,1,4,1,2,1,2,3,1,1,2,5,1,1,2,1,1,1,1,1,4,2,3,1,2,1,1,1,2,1,2,1,1,1,1,3,1,1,1,5,2,2,4,5,5,6,2,1,1,1,3,1,5,1,6,3,1,1,1,1,1,2,1,1,2,1,2,2,1,2,6,1,1,1,2
4520835,10,Female,25,3,3,3,6,4,1,2,1,1,8,2,8,6,2,6,2,5,3,1,1,1,6,4,1,1,7,3,3,7,2,4,1,5,2,1,6,6,1,4,2,6,1,1,1,3,6,9,3,5,2,3,6,5,3,2,3,5,5,1,3,6,5,2,6,1,5,6,3,3,1,3,3,1,1,1,3,4,1,5,4,1,2,1,2,1,2,1,5,1,3,7,1,1,1,2,3,5,4,8,1,2,1,7,3,1,1,1,4,2,1,2,1,3,4,1,1,3,6,6,3,1,3,6,6,2,4,6,3,6,4,1,7,4,4,1,1,3,8,6,8,5,5,2,3,5,3,1,3,5,6,6,6,3,3,5,6,1,4,6,4,1,1,1,2,1,4,6,3,3,1,5,5,6,1,3,3,1,1,3,5,2,7,3,5,2,7,1,2,6,3,6,4,3,8,1,2,3,1,6,1,2,1,5,3,2,6,1,1,4,4,2,3,1,1,7,3,1,1,1,1,1,6,3,1,1,2,3,4,5,2,5,3,5,5,3,6,6,3,1,1,6,2,7,8,5,6,3,4,6,8,1,8,7,6,4,3,7,6,2,3,2,2,3,2,2,1,1,2,2,2,3,6,3,2,4,5
4520839,24,Male,43,1,1,1,3,3,1,1,1,1,6,1,1,1,1,1,5,5,1,1,1,1,2,6,1,3,2,1,3,3,1,2,1,1,1,1,5,1,1,1,1,1,1,1,1,3,4,1,1,1,1,1,5,3,1,3,1,1,1,1,3,1,1,3,1,1,3,1,5,1,1,3,1,1,1,1,2,1,1,3,1,1,1,1,2,1,2,5,7,1,1,3,1,1,1,1,1,1,1,1,1,1,2,5,1,1,1,1,1,3,5,1,1,1,3,1,1,1,1,1,2,1,1,1,5,1,1,1,2,1,1,1,3,1,4,1,1,3,1,1,3,1,1,1,1,1,1,1,1,1,5,1,1,1,1,3,1,1,3,1,1,1,1,1,1,1,2,5,1,1,1,1,1,5,1,1,1,1,1,2,2,1,1,1,2,1,2,1,1,4,1,1,1,3,1,1,1,1,1,5,1,1,1,3,1,1,1,1,1,1,3,1,1,1,1,1,1,1,1,1,1,1,3,4,2,1,1,1,3,2,5,1,1,2,2,1,1,1,1,4,1,1,1,2,2,3,1,1,1,1,1,1,1,1,1,1,1,5,1,1,2,1,1,1,1,1,3,1,4,1,1,5,3,1,1,1,1
4520846,19,Male,22,1,6,3,8,2,1,2,1,5,7,4,2,2,1,4,2,6,6,1,1,1,1,4,2,5,2,4,3,1,4,5,2,2,1,1,7,2,1,1,1,1,1,2,2,8,7,6,4,2,2,2,3,7,1,6,1,2,7,1,1,6,3,1,1,1,3,2,1,1,2,5,6,2,1,1,1,4,1,5,3,1,1,1,3,1,2,3,5,2,3,2,5,1,3,1,4,1,1,2,2,1,2,7,3,1,1,2,3,3,7,7,1,2,3,1,5,1,1,6,1,2,1,2,5,1,7,4,2,1,2,2,5,3,5,1,2,5,4,5,3,2,1,1,1,1,4,2,3,1,8,8,1,5,4,7,1,2,5,1,1,2,3,2,1,1,2,6,1,7,1,1,5,7,1,1,5,1,1,2,2,2,6,1,5,1,1,1,4,1,1,3,6,2,2,8,2,6,6,1,1,4,3,4,2,5,2,5,2,3,6,2,1,1,1,1,3,2,1,3,3,1,7,6,7,3,1,4,2,6,5,2,6,7,3,1,1,2,5,3,4,3,5,3,3,1,6,2,1,2,1,2,3,1,1,1,1,1,4,1,2,1,2,4,1,1,1,2,1,5,1,1,3,2,2,1,7
4520848,17,Female,23,1,1,1,5,5,1,1,1,1,5,1,1,1,1,5,1,5,4,1,1,1,1,1,1,1,5,5,1,1,1,1,1,1,1,1,5,1,1,1,1,1,1,1,1,5,5,1,1,1,1,1,1,1,1,1,1,1,1,1,4,8,1,1,1,1,5,1,1,1,1,5,1,1,1,1,1,1,1,1,1,1,1,1,1,1,1,1,1,1,1,1,1,1,1,1,1,1,1,1,1,1,1,5,1,1,1,1,1,1,2,1,1,1,1,1,1,1,1,1,1,1,1,1,1,1,1,1,1,1,1,1,1,1,1,1,1,1,1,1,1,1,1,1,1,1,1,1,1,1,4,1,1,1,1,5,1,1,1,1,1,1,1,1,1,1,1,5,1,5,1,1,1,5,1,1,5,1,1,4,1,1,1,1,1,1,1,1,1,1,1,1,1,1,1,4,1,1,1,1,1,1,1,4,1,1,1,1,1,1,1,1,1,1,1,1,1,1,1,1,1,1,1,1,5,1,1,1,1,1,1,1,1,1,1,1,1,1,1,1,1,1,1,4,1,5,5,1,1,1,1,1,1,1,1,1,1,4,1,1,1,1,1,1,1,1,1,1,1,1,1,1,1,1,1,1,4
4520851,28,Male,23,1,1,1,4,1,1,1,1,1,5,1,2,2,1,2,1,2,3,1,1,1,1,1,1,1,1,1,1,1,1,1,1,1,1,1,1,2,1,2,1,1,1,1,1,3,2,1,1,1,1,1,2,1,1,1,1,1,1,1,2,4,5,1,2,1,1,1,1,1,1,1,3,1,1,1,1,1,1,1,1,1,1,1,2,1,1,1,1,1,1,1,1,1,1,1,1,3,1,1,1,1,1,3,1,1,1,2,2,2,1,1,1,1,1,1,1,1,2,3,1,1,1,2,1,1,1,1,1,2,2,1,1,3,1,1,1,1,1,2,1,1,1,1,1,1,1,1,1,1,1,3,1,1,1,1,1,1,1,1,1,1,1,1,1,1,2,3,1,1,1,1,1,5,1,1,1,1,1,1,2,1,1,1,3,1,1,1,1,1,1,1,1,2,2,1,1,3,1,2,3,1,1,2,1,1,1,1,1,1,1,1,1,1,1,1,3,1,1,1,1,1,1,1,4,1,1,1,1,1,1,1,1,1,1,1,1,2,1,2,1,2,1,3,2,2,2,1,1,1,1,1,1,1,2,1,1,1,1,1,1,1,1,1,1,1,1,1,2,1,1,1,1,1,1,1,2
4520893,22,Female,18,4,7,2,6,6,3,3,1,3,7,3,2,3,5,4,3,8,5,3,2,2,2,2,3,3,5,3,6,6,5,6,3,4,2,3,7,6,3,3,6,4,3,2,3,3,5,3,1,2,3,2,7,4,3,6,2,2,3,1,4,8,7,3,5,3,4,4,3,3,2,6,3,3,2,3,6,3,4,6,2,2,6,2,4,2,3,6,5,3,3,5,5,5,6,3,3,6,3,2,4,4,5,7,7,6,4,2,3,5,6,2,3,3,4,2,2,1,2,4,2,2,3,5,6,3,4,7,4,4,2,2,6,3,3,4,3,3,4,2,5,2,2,6,3,2,4,2,2,3,6,4,3,7,4,3,3,3,5,3,3,2,3,3,4,2,7,5,4,3,2,3,6,5,3,3,6,1,2,2,5,3,4,4,4,2,3,2,3,4,3,6,2,4,6,4,2,5,2,4,6,5,2,5,5,4,3,4,6,5,3,3,4,3,4,4,4,3,3,2,3,2,4,4,7,3,2,3,3,3,5,6,3,7,4,5,6,6,4,2,2,4,3,6,6,5,7,6,3,3,4,3,7,2,3,2,4,4,3,3,3,2,3,3,6,4,5,2,5,6,2,5,5,2,3,2,6
4521016,9,Female,22,2,4,1,3,5,2,3,1,2,4,1,3,2,3,3,4,3,4,1,1,2,3,5,3,1,5,2,3,4,3,3,2,1,1,1,3,4,3,2,2,2,2,2,1,4,3,3,1,1,2,1,4,5,1,4,2,2,3,1,4,8,5,2,1,3,3,1,1,1,2,1,6,2,1,1,3,4,1,7,1,1,1,1,3,2,1,1,4,2,1,5,1,1,1,1,2,2,1,7,1,1,1,7,4,2,2,1,3,5,4,1,1,1,6,1,1,1,5,4,6,2,3,1,3,1,1,3,1,2,1,1,2,2,2,1,1,1,2,4,3,1,5,1,1,1,3,2,2,1,5,5,1,2,2,6,2,1,2,2,1,1,2,2,2,1,4,2,2,3,1,2,5,6,1,2,2,1,1,3,2,2,2,1,2,2,2,1,1,4,3,4,3,2,3,5,1,2,3,2,2,1,4,2,5,2,1,2,2,3,2,1,3,8,2,2,1,1,1,1,1,1,5,3,5,1,2,1,1,3,3,2,3,4,3,1,2,3,3,2,4,6,2,4,3,2,4,3,1,3,1,3,2,1,1,3,1,3,5,2,2,1,2,2,3,1,3,1,3,2,1,2,2,1,2,3,4
4529682,29,Female,23,1,1,1,1,1,1,1,4,1,1,1,1,1,3,2,1,3,1,1,1,2,1,4,1,1,2,1,4,3,1,5,1,1,1,1,3,2,1,1,1,1,1,1,1,5,5,1,1,1,1,2,2,4,3,1,1,1,4,1,1,7,2,1,1,1,2,1,1,1,2,3,2,2,1,1,2,2,1,2,1,1,2,1,2,1,1,1,3,1,3,1,2,1,1,1,1,1,1,1,1,1,1,6,1,2,1,1,4,1,2,1,1,2,4,2,1,1,1,4,1,1,2,1,4,1,1,1,4,2,1,1,1,1,1,1,1,3,2,3,2,2,1,5,1,1,1,2,1,1,4,5,1,3,2,4,2,1,3,1,3,1,2,1,1,1,4,2,1,1,1,1,1,2,1,2,1,1,1,1,3,1,3,1,3,1,1,1,1,2,2,6,2,2,1,5,1,3,1,3,1,1,1,1,1,1,5,1,1,2,2,1,3,1,1,1,1,2,1,1,1,1,1,3,7,3,1,1,1,1,3,2,1,4,2,1,1,1,1,1,1,3,2,4,4,2,4,5,3,3,2,2,1,4,1,2,2,3,2,3,1,3,1,1,1,1,2,2,1,1,1,4,4,1,1,4,1
4529684,25,Male,21,3,3,4,5,5,1,3,1,2,4,2,4,2,5,7,3,5,5,1,1,2,3,4,3,4,3,2,3,6,3,3,4,1,3,2,4,3,1,2,4,2,2,1,1,5,5,3,1,2,1,2,4,3,4,4,1,2,5,1,2,8,3,2,3,2,4,3,2,1,2,4,4,2,1,1,3,3,2,4,4,2,2,2,3,2,2,2,2,2,2,3,3,2,3,2,2,6,2,3,1,2,2,7,3,3,2,1,4,2,3,3,1,2,3,3,2,2,2,3,3,1,4,3,4,3,5,7,3,4,3,1,4,2,3,3,2,2,6,2,4,3,2,3,2,1,2,3,2,2,7,6,2,3,4,3,4,2,3,4,4,2,4,2,3,2,3,4,4,4,1,2,4,6,3,4,4,3,2,3,2,2,4,5,5,2,3,2,1,4,3,2,2,3,3,2,3,1,3,4,2,3,1,3,2,3,2,3,3,1,3,4,3,4,2,2,3,3,3,3,1,3,4,3,4,2,1,2,1,6,2,3,4,4,4,2,4,6,3,6,1,4,3,7,4,4,3,6,3,2,3,3,2,3,2,4,1,4,3,4,3,2,2,3,4,3,3,2,3,3,3,6,5,2,4,2,7
4529685,14,Male,20,2,6,1,8,5,1,1,1,1,4,1,1,1,3,2,2,6,4,1,1,1,1,1,1,1,5,1,3,1,2,1,4,1,1,3,3,1,1,1,1,1,1,1,1,3,5,1,1,1,1,1,1,1,1,8,1,1,3,1,4,7,1,2,1,1,4,3,1,1,1,5,1,1,1,1,1,1,1,5,1,1,1,1,1,1,2,5,3,1,1,1,1,1,1,1,1,4,1,2,1,1,4,5,1,4,1,1,3,1,8,1,1,1,4,1,1,1,1,1,1,1,4,3,3,1,1,1,1,1,1,1,2,1,4,4,1,2,1,2,1,1,3,1,1,1,1,1,1,1,6,4,1,2,3,7,1,1,1,1,1,1,1,1,1,1,1,6,1,1,1,1,4,6,1,1,1,1,1,1,1,1,1,1,1,1,1,2,1,1,1,1,1,1,1,3,1,2,1,2,3,1,1,3,1,1,2,1,1,1,1,1,4,1,1,3,1,1,1,1,1,1,1,5,7,4,1,1,1,1,1,3,1,4,2,1,1,4,1,6,1,6,1,1,1,1,3,1,1,1,1,1,1,1,1,1,1,1,1,1,1,1,1,1,2,1,1,1,5,3,1,3,5,1,1,2,3
4529687,9,Male,21,1,1,1,6,2,1,1,1,4,1,1,1,1,1,1,3,5,5,1,1,1,1,1,1,2,1,1,1,1,1,1,1,1,1,1,1,2,2,1,1,3,1,1,1,1,1,1,1,3,1,1,5,3,1,1,1,1,1,1,6,9,1,1,1,1,1,2,1,1,1,1,1,1,1,1,4,1,1,2,2,1,1,1,1,1,1,1,4,1,1,7,1,1,1,1,1,1,1,1,1,1,1,1,1,1,1,1,1,1,1,1,1,1,1,1,1,2,1,1,1,1,4,3,1,1,1,2,3,1,1,4,2,4,1,3,1,1,1,1,1,1,1,1,1,1,1,1,1,1,5,5,1,2,1,7,1,1,1,1,2,1,1,1,2,1,3,1,1,1,1,1,1,1,1,3,1,1,1,1,1,1,4,1,4,1,1,1,1,1,1,1,1,1,1,1,1,1,1,1,1,1,1,5,1,1,1,1,1,1,2,1,1,1,1,1,6,1,1,1,1,1,1,1,7,2,1,1,1,5,1,4,1,4,4,1,1,2,1,1,1,1,1,4,1,2,1,6,1,1,1,1,1,1,1,1,1,1,1,1,1,1,1,1,1,1,2,1,2,1,1,2,3,1,1,1,1
4529689,14,Female,26,1,2,2,2,2,1,1,1,2,3,1,2,1,1,1,1,4,2,1,1,1,1,2,2,1,2,1,2,1,1,1,1,1,1,1,2,1,1,2,1,2,1,1,1,3,3,1,1,1,1,1,3,1,1,2,1,2,1,1,1,3,1,3,2,1,3,2,1,1,1,1,1,1,1,1,2,2,1,2,2,1,2,1,3,2,2,3,4,1,2,2,1,1,2,2,1,3,1,2,1,1,2,1,2,1,2,1,1,1,2,1,1,2,1,1,1,1,1,3,2,1,1,2,2,1,3,2,1,2,1,1,1,2,1,2,1,3,1,1,3,1,1,1,1,1,1,1,1,1,2,1,1,2,2,4,1,2,1,1,2,2,1,1,1,1,3,4,2,1,1,2,2,2,1,1,1,2,1,1,1,1,2,1,1,1,1,1,1,2,2,3,1,2,1,1,1,3,2,1,3,2,1,1,1,1,1,1,1,1,1,1,2,1,1,1,9,1,1,1,1,1,1,2,7,1,1,1,1,3,1,1,1,2,2,1,1,3,1,2,2,1,2,1,2,2,2,1,1,1,2,2,1,1,1,1,1,2,1,1,2,1,1,2,4,1,2,1,2,1,1,4,3,1,1,1,4
4529690,27,Female,37,3,2,3,3,3,4,3,3,4,3,2,5,6,6,8,3,3,6,3,2,4,3,2,4,3,7,3,7,3,6,7,6,3,2,4,3,3,2,3,3,2,3,2,3,7,8,4,3,5,3,3,3,5,3,5,6,3,5,4,4,3,3,3,4,3,8,4,6,3,3,3,8,4,3,2,8,4,1,5,3,2,6,4,8,5,3,3,8,7,3,3,2,3,1,2,2,6,3,7,3,2,2,7,4,2,6,3,6,7,7,2,6,7,7,2,3,3,7,7,6,8,3,3,4,2,3,5,1,7,2,3,3,4,3,2,2,7,3,5,7,5,7,3,4,4,5,3,6,3,3,4,3,2,4,8,3,5,2,4,2,3,5,2,3,3,5,8,2,5,3,2,3,5,6,5,7,4,7,2,6,2,8,3,3,4,2,2,2,4,4,7,6,4,3,6,5,6,7,4,3,3,5,3,2,3,6,2,6,5,6,5,6,8,3,4,6,2,5,2,2,3,4,5,2,6,7,7,2,5,3,3,3,6,5,6,3,8,3,6,2,7,3,4,3,4,5,2,3,5,3,2,7,3,3,6,7,4,5,3,3,4,4,2,2,3,6,3,8,3,3,4,4,2,3,7,3
4529691,15,Female,59,4,3,5,6,3,2,2,1,4,4,3,6,4,7,7,4,5,3,3,1,3,3,6,7,4,7,3,4,7,2,7,2,3,4,4,4,4,1,3,4,6,3,3,4,4,3,5,1,1,4,4,6,6,4,7,6,2,6,3,2,7,3,2,5,4,5,3,3,1,2,7,5,4,5,7,3,5,4,6,1,6,5,4,3,3,6,3,5,3,4,4,4,5,3,5,1,3,8,5,3,4,1,7,3,2,5,3,7,5,9,3,3,7,3,4,1,3,3,4,5,6,3,3,6,5,5,7,3,7,2,7,5,1,2,2,7,5,3,3,5,4,8,8,2,1,5,4,3,7,6,3,5,4,3,9,3,6,2,6,5,1,3,1,5,2,4,7,4,5,2,1,2,2,5,2,5,1,1,3,6,2,1,4,4,6,3,3,5,3,1,2,3,1,1,6,4,3,3,4,3,6,8,4,2,4,6,7,4,8,4,5,3,4,1,2,4,7,2,3,7,3,7,8,6,3,3,6,4,4,3,4,7,8,2,5,3,1,5,5,4,7,4,5,4,6,7,6,4,3,4,3,3,6,1,4,6,6,4,5,2,8,4,6,2,5,4,3,3,4,5,5,6,1,4,3,6
4529706,37,Female,25,1,1,1,1,1,1,1,2,1,8,1,1,1,1,8,1,1,1,1,1,5,1,1,1,1,5,1,1,1,1,1,1,1,3,3,6,1,1,2,1,1,1,1,1,1,1,1,1,1,1,1,5,2,2,1,1,1,1,7,1,1,1,1,1,2,1,1,1,2,1,8,5,5,1,7,1,1,1,6,1,1,1,1,7,1,1,1,3,4,1,1,3,3,1,1,1,1,1,6,1,1,3,1,1,1,1,4,4,7,1,1,1,5,1,3,1,1,1,4,1,7,1,1,5,1,3,1,1,6,1,6,1,1,1,1,1,3,1,3,1,3,8,1,1,1,3,2,1,1,1,1,1,3,1,6,1,1,1,1,1,1,1,1,1,1,1,1,1,1,1,1,1,1,7,6,1,1,1,7,1,1,1,1,1,1,4,1,1,1,1,1,1,1,1,5,1,1,1,1,1,1,1,1,1,1,1,4,1,6,1,5,1,6,4,1,1,1,1,1,1,1,1,2,1,3,2,8,1,1,1,1,1,1,1,5,1,1,1,4,2,7,2,1,4,1,1,5,6,4,1,1,1,1,2,3,1,1,1,1,1,1,1,2,1,5,6,1,1,1,1,1,2,1,1,1,5
4529710,22,Female,23,1,1,1,1,4,1,1,1,1,4,1,1,1,1,2,1,2,2,1,1,1,1,1,2,1,3,2,1,2,2,2,1,1,1,1,2,2,1,1,1,1,1,1,1,5,7,2,1,1,1,1,2,1,1,1,1,1,2,1,3,8,1,1,1,1,1,1,1,1,2,2,1,1,1,1,3,1,1,1,1,1,1,1,1,3,1,1,4,7,1,1,1,1,1,1,1,3,1,3,2,1,3,4,1,1,2,1,1,1,3,1,1,1,6,1,1,1,6,2,2,1,1,1,6,1,1,1,1,1,2,1,2,1,1,1,1,1,1,1,2,1,5,1,1,1,1,1,1,4,2,5,1,1,2,3,1,1,1,1,1,2,2,1,1,1,4,2,2,1,1,1,2,5,1,1,1,1,1,1,1,1,1,1,1,1,1,1,1,2,1,3,2,1,1,7,1,1,1,1,1,1,1,1,1,1,6,1,1,2,1,1,1,7,1,2,2,2,1,1,2,1,4,1,2,2,1,1,1,1,1,1,2,1,2,1,2,1,1,2,1,2,1,2,2,1,3,4,2,2,1,2,1,1,1,2,1,1,1,1,1,1,1,1,1,1,3,1,2,1,1,1,2,1,1,1,3
4529722,20,Female,41,3,3,1,1,1,1,2,1,1,7,1,5,1,2,7,1,5,3,1,1,1,3,2,1,2,1,2,5,1,2,3,1,1,1,1,3,1,1,6,3,1,1,1,1,7,6,2,2,1,1,1,1,6,1,3,2,1,2,1,3,1,1,1,3,1,4,2,1,1,1,1,6,2,1,3,2,3,1,7,1,1,1,1,4,1,1,1,3,1,2,4,1,1,1,1,1,1,1,6,1,3,1,1,1,1,1,2,3,6,1,4,3,1,2,2,1,1,7,2,1,1,4,5,1,3,1,5,1,5,1,1,2,3,3,1,1,1,4,1,5,2,3,1,1,1,1,2,1,1,3,3,1,1,2,6,1,1,2,3,1,1,2,3,1,1,1,6,5,1,1,1,3,6,1,6,3,1,1,1,3,2,5,1,3,2,3,1,1,2,1,5,3,2,1,6,1,1,1,1,1,1,4,1,3,1,1,1,1,4,1,1,1,6,1,3,1,1,1,1,1,1,2,4,9,1,1,4,1,1,1,5,1,1,1,1,3,3,1,1,1,5,3,3,4,1,1,3,2,1,1,1,1,1,1,1,1,2,1,1,1,1,1,1,1,1,3,1,2,1,1,1,1,1,1,2,1
4532542,17,Male,20,2,2,2,6,4,2,2,2,1,3,3,1,2,1,4,6,3,2,1,1,1,1,2,6,4,1,2,2,2,6,2,2,3,5,6,3,7,1,1,1,1,1,1,1,4,1,1,1,3,1,1,4,4,1,6,3,2,3,1,2,6,1,1,3,1,6,2,3,2,1,1,5,1,6,1,2,2,1,7,1,1,3,2,3,3,1,7,1,5,2,3,2,1,1,2,1,3,1,6,1,3,5,7,2,6,2,1,3,1,3,2,5,1,5,1,1,1,4,4,6,1,1,2,1,1,2,6,2,6,2,1,1,1,2,1,1,1,3,1,3,1,1,6,1,1,2,7,1,3,4,2,2,2,5,8,2,1,3,1,1,1,1,2,3,1,3,5,1,3,1,2,3,8,3,2,2,1,1,6,1,1,1,2,2,2,1,2,1,5,1,7,6,2,1,7,3,1,2,4,1,2,2,3,2,5,1,1,1,6,1,1,1,8,1,2,2,2,1,1,1,1,6,3,7,5,1,6,1,6,6,2,1,2,2,3,5,2,2,6,1,2,2,6,7,4,3,2,1,1,3,2,3,4,2,1,2,2,1,1,1,2,1,1,2,1,2,3,7,1,1,2,2,1,3,2,4
4541256,10,Male,21,3,1,1,3,1,1,1,3,1,2,1,4,2,1,1,1,1,2,1,2,5,1,4,2,1,3,5,3,5,2,2,1,2,5,3,4,4,1,1,2,1,1,1,1,5,7,1,3,1,1,1,4,1,2,2,1,1,3,1,4,1,1,4,1,2,5,1,1,1,3,9,6,5,6,5,2,3,2,5,2,1,1,4,2,3,1,1,1,6,2,1,1,1,1,1,5,1,1,6,1,1,3,4,3,1,1,2,3,4,5,6,4,2,7,1,1,1,6,1,5,5,1,1,1,1,1,1,1,1,1,1,1,1,5,1,3,2,1,1,6,1,1,3,1,1,1,2,1,3,4,3,4,2,1,7,2,1,1,4,1,1,1,1,3,1,4,4,1,2,2,1,4,4,3,5,2,1,3,2,1,1,4,1,3,1,2,1,3,3,1,1,1,1,2,6,5,1,4,5,2,1,2,1,5,1,4,1,1,5,1,3,2,6,1,3,3,1,1,1,1,1,5,1,1,3,1,1,1,1,4,1,1,1,1,1,1,5,1,2,1,6,2,1,1,1,3,5,1,5,1,1,1,1,1,4,3,2,1,1,2,4,2,1,4,1,2,1,4,2,1,4,2,2,3,1,2
4541257,11,Male,26,2,3,3,2,3,2,2,3,3,7,3,4,3,4,3,2,3,6,3,1,5,3,2,5,3,7,7,3,4,3,3,2,2,2,3,7,5,3,3,3,3,3,2,2,7,3,3,3,3,3,1,6,4,2,5,3,3,4,4,7,4,5,4,4,2,4,4,2,3,3,5,5,2,2,3,3,3,2,8,3,3,2,3,4,3,3,2,1,2,2,4,3,4,2,2,3,4,3,6,3,2,3,7,3,3,3,3,5,4,4,4,3,1,4,2,2,1,6,3,3,2,3,3,6,3,3,4,4,5,1,3,3,3,3,2,2,4,3,4,5,3,6,3,3,3,3,4,4,3,5,3,3,3,2,3,3,3,3,3,2,2,2,3,3,3,6,6,3,2,2,2,3,7,2,4,2,2,1,4,4,3,7,3,3,2,3,3,3,4,2,2,5,1,2,8,3,3,3,3,3,3,3,3,6,3,2,2,3,3,5,5,4,6,2,4,4,3,3,4,3,3,4,3,4,3,3,3,2,3,3,3,3,3,2,3,3,8,2,3,4,4,2,4,5,4,4,7,3,2,6,4,4,2,4,5,3,4,5,4,3,2,3,3,4,2,4,1,5,3,3,5,7,1,2,3,5
4541258,25,Male,23,3,5,3,4,6,3,3,4,3,7,3,4,4,6,5,5,6,4,4,3,2,4,6,4,3,7,3,3,4,6,3,4,3,3,5,6,6,4,4,6,3,4,3,2,7,7,4,3,6,4,3,4,7,4,6,4,3,4,3,4,8,5,4,3,3,4,6,4,5,4,5,4,4,3,4,7,3,4,5,3,3,3,3,4,4,3,4,4,2,3,4,3,4,3,6,2,6,4,4,3,3,4,6,3,5,2,4,6,4,3,4,3,3,5,2,3,3,5,7,3,2,5,3,5,5,5,6,5,4,3,3,5,3,5,5,4,6,3,3,3,3,4,5,2,2,2,4,2,3,4,5,4,6,4,7,4,4,3,3,4,4,2,4,4,3,4,7,4,5,4,4,3,7,3,4,4,3,3,3,5,5,4,4,6,2,4,4,4,3,4,4,5,5,6,5,4,5,3,6,7,4,6,5,3,4,5,3,3,4,3,4,2,4,5,4,6,2,3,5,4,4,6,7,7,2,3,5,5,4,4,4,5,5,4,2,3,5,5,3,4,4,4,3,5,5,4,4,4,3,4,4,6,4,4,3,4,4,5,5,3,4,3,4,4,4,6,3,3,5,3,6,6,4,4,4,6
4541259,14,Female,42,3,3,1,5,5,1,1,1,2,3,1,2,3,3,2,3,2,4,1,1,1,3,3,1,3,5,2,4,3,1,1,1,3,4,2,4,4,1,2,1,1,1,1,1,6,3,1,3,1,4,1,5,2,3,5,1,1,4,4,8,5,4,2,3,1,3,2,1,2,1,4,1,1,1,1,3,1,1,4,2,4,1,2,1,1,3,3,8,1,1,2,1,3,1,2,4,1,3,2,1,1,1,8,1,2,1,1,4,1,1,2,1,4,6,3,1,1,8,4,1,4,2,1,8,1,1,5,2,5,1,1,1,2,1,1,1,3,2,4,5,1,1,1,1,1,1,1,1,1,4,4,2,3,2,8,2,2,2,1,2,2,1,5,1,1,2,5,1,3,2,1,4,7,1,2,1,1,1,4,2,4,1,1,4,1,2,1,1,2,1,4,1,5,5,8,1,2,2,3,1,1,1,1,1,4,6,4,4,1,5,1,1,7,1,5,1,1,2,2,1,1,5,1,1,1,1,1,2,5,3,4,5,5,1,5,5,5,1,6,2,1,3,4,3,5,4,1,1,1,1,1,6,1,1,1,1,2,1,3,1,1,1,1,2,1,2,1,4,2,1,3,5,1,1,1,1
5511890,24,Female,18,3,4,6,2,7,5,2,7,2,7,2,3,3,3,6,3,4,8,2,2,1,6,6,3,2,8,4,6,2,5,7,1,4,1,7,6,7,2,4,5,3,2,1,1,7,6,4,1,2,2,2,6,6,3,8,5,4,4,3,6,8,2,4,6,1,6,3,2,6,3,6,3,2,1,2,3,3,4,6,2,1,5,3,3,1,2,2,7,6,4,4,3,1,1,4,3,7,4,3,1,4,2,7,5,2,3,2,7,5,1,6,6,6,8,1,1,2,6,8,5,4,5,2,7,2,5,6,6,6,5,1,4,6,1,7,1,6,6,6,7,1,1,6,1,3,1,1,5,4,7,6,1,7,2,8,3,3,2,6,3,3,3,1,2,1,2,7,5,3,1,1,4,7,3,3,2,2,1,3,2,5,4,1,7,1,5,1,1,4,1,8,6,6,5,8,1,5,6,6,7,3,1,6,4,3,2,1,2,3,5,7,5,1,1,1,3,1,1,5,1,4,7,4,7,7,1,2,3,4,2,2,5,5,4,4,6,3,2,2,2,4,4,3,7,3,6,6,2,5,5,5,6,2,2,1,7,5,5,2,3,2,3,6,7,3,5,5,7,3,4,7,7,6,4,2,5
5516642,28,Other,18,2,6,3,7,7,2,3,1,2,4,3,1,2,3,1,2,5,5,1,3,2,1,2,1,4,4,3,2,6,2,4,1,3,2,2,1,2,2,1,1,3,1,3,1,3,4,2,2,2,3,1,2,2,2,2,5,1,4,3,3,8,2,1,3,5,2,2,1,1,4,5,2,2,2,2,2,2,2,1,3,3,2,2,5,1,3,3,5,3,3,2,2,2,2,3,1,2,2,2,3,1,7,8,1,2,3,2,4,2,6,2,2,2,5,1,1,2,1,3,2,2,3,5,6,2,2,5,2,4,1,1,1,6,1,2,2,2,2,3,3,1,1,6,2,2,3,2,2,2,3,2,1,5,6,7,3,2,2,2,2,2,1,2,2,2,1,7,2,5,3,6,3,4,3,1,3,2,3,1,2,7,2,1,4,2,2,2,2,6,2,1,2,4,3,2,2,3,1,2,2,2,2,5,3,5,2,1,2,1,4,3,4,2,3,3,5,1,3,2,1,2,3,6,3,2,1,1,4,2,4,3,6,2,3,6,3,2,1,1,6,2,1,2,6,1,5,1,2,2,3,2,7,1,6,3,1,6,3,2,2,1,2,3,2,2,1,3,3,7,2,2,5,4,2,2,2
5517105,7,Female,18,1,2,3,5,6,2,4,1,2,5,1,2,3,2,4,1,4,3,1,1,1,1,2,1,4,6,4,2,4,5,1,1,2,1,3,4,3,1,1,2,1,1,1,1,5,4,1,1,3,2,1,3,2,2,4,4,2,4,1,2,7,4,1,6,1,5,2,2,1,1,4,3,2,1,1,1,4,1,3,1,2,1,1,7,1,3,4,4,3,2,4,1,1,2,4,3,4,2,4,2,3,2,6,2,1,2,1,1,1,7,1,1,1,3,1,1,1,4,5,4,1,2,4,3,3,2,4,1,5,1,1,5,1,2,1,3,1,3,3,6,1,1,1,1,1,2,1,1,1,4,5,1,2,6,4,2,1,2,3,1,2,3,1,4,2,4,3,1,5,2,3,4,5,2,3,3,1,1,1,1,2,5,1,2,1,1,1,1,3,2,1,2,1,1,5,3,4,4,2,1,3,1,4,1,5,1,2,3,1,6,2,3,1,1,3,4,1,1,1,1,1,6,1,8,1,1,1,1,5,1,3,4,2,1,2,5,6,2,5,1,6,3,5,1,5,6,6,5,1,3,1,3,1,3,4,1,2,1,4,1,1,1,1,2,2,3,1,3,3,1,4,5,1,3,2,6
5519452,16,Female,19,5,7,5,7,3,1,5,1,2,6,2,3,4,2,1,6,6,6,1,2,1,1,6,1,6,6,6,7,7,3,6,5,4,4,5,7,5,2,1,5,4,6,2,1,6,8,4,6,4,3,5,7,6,5,5,5,5,3,2,7,9,7,5,7,1,5,4,3,3,1,8,6,4,2,2,7,3,8,3,3,2,2,4,3,2,1,2,7,3,1,2,2,3,4,5,2,6,2,4,2,4,3,9,8,5,5,1,6,5,7,6,1,3,7,1,1,1,2,8,2,3,2,3,5,4,3,5,2,7,6,3,7,4,2,3,3,6,5,4,5,1,1,2,3,1,2,2,1,4,7,5,5,5,7,6,3,6,5,2,6,3,6,6,5,2,4,6,6,5,3,4,5,6,5,4,5,1,1,6,3,4,6,2,3,1,5,3,1,5,6,8,3,8,6,4,4,3,4,6,5,1,8,4,3,3,3,1,4,3,6,5,5,3,5,4,3,2,1,2,2,2,4,3,6,5,2,2,2,4,1,3,6,4,3,1,5,3,2,5,3,2,3,5,6,6,5,5,5,5,5,1,6,5,3,4,5,5,7,1,1,1,5,5,1,2,2,2,6,6,1,7,6,1,5,1,6
5519779,22,Female,18,1,4,2,5,4,1,1,1,3,3,1,1,4,1,3,1,4,4,1,1,1,2,1,1,2,5,1,3,1,1,2,1,1,1,1,3,5,1,1,1,1,1,1,1,5,6,2,1,1,1,1,5,4,1,8,1,1,1,1,3,4,2,1,3,1,1,4,1,1,1,3,1,1,1,1,1,1,1,5,1,1,1,1,2,1,3,1,3,2,1,2,3,1,1,1,1,5,1,1,1,1,1,6,1,1,1,1,2,2,5,1,1,1,4,1,1,1,1,6,1,1,2,1,2,3,1,2,1,1,1,1,5,1,2,1,1,3,3,3,1,1,1,2,1,1,1,1,1,1,6,7,1,3,1,3,2,1,1,2,2,3,2,1,1,1,3,7,1,1,1,1,3,6,1,1,2,1,1,1,1,1,1,1,5,1,1,1,1,3,3,6,1,2,1,1,1,1,3,2,2,1,1,3,2,2,1,1,2,1,5,2,2,1,1,2,3,2,1,1,1,1,1,3,7,1,1,1,1,6,1,1,4,4,2,1,2,1,2,2,1,7,1,4,3,1,2,2,1,1,1,1,1,2,1,1,1,4,1,1,1,1,1,4,1,1,1,1,5,1,1,5,6,1,1,1,5
5520293,20,Female,18,3,5,2,4,6,3,2,2,6,5,1,2,6,2,4,3,3,3,1,4,2,2,2,2,3,5,3,4,3,2,3,2,3,2,4,2,5,4,7,2,3,4,5,3,3,5,2,5,2,4,2,4,4,5,7,3,1,1,2,4,8,3,2,6,1,4,6,2,4,2,1,8,2,1,1,4,4,3,4,2,5,3,6,8,2,2,6,2,4,2,4,5,2,4,4,4,5,2,2,3,5,3,6,2,6,5,3,5,3,4,3,5,1,5,5,1,2,6,1,5,2,2,3,3,6,4,6,3,4,2,2,3,3,3,4,3,4,4,3,4,3,3,1,4,1,3,7,3,3,4,6,5,7,5,8,3,3,1,2,5,2,4,6,6,5,3,7,4,4,2,2,2,5,2,3,4,2,1,6,2,4,2,6,6,1,3,4,5,3,2,2,2,3,3,6,2,2,3,3,5,1,3,6,3,2,1,2,3,1,1,7,5,2,3,2,4,3,2,3,3,5,3,2,3,2,1,2,2,4,2,4,4,5,1,2,3,6,4,3,5,2,3,4,3,4,3,2,3,4,4,1,3,3,3,4,2,4,2,5,1,6,2,4,2,4,6,2,3,7,3,5,6,2,3,2,6
5529507,29,Female,19,4,7,4,7,7,4,3,2,4,7,1,2,2,5,7,5,5,7,2,2,2,2,5,3,5,7,6,7,1,7,7,6,2,5,5,8,4,2,3,5,6,2,3,7,7,3,5,2,2,6,4,7,1,2,7,4,4,4,6,8,8,6,3,6,3,7,4,2,4,2,7,5,4,3,2,7,5,2,7,3,2,4,3,6,3,1,2,7,6,5,7,5,3,1,3,6,7,6,3,2,4,5,7,6,5,3,2,7,1,4,6,6,2,5,4,3,1,1,6,1,1,2,7,2,4,2,8,7,6,1,1,7,4,4,1,3,6,2,6,6,3,3,8,4,1,8,3,7,2,5,6,2,4,1,8,6,2,5,3,6,5,3,3,7,4,8,6,2,1,6,5,4,8,4,3,2,1,4,3,5,4,3,1,6,3,2,2,2,6,2,6,5,4,1,7,2,6,7,3,4,2,4,7,3,3,5,3,5,1,5,4,7,3,3,2,5,6,2,2,1,2,7,4,7,5,4,5,4,6,4,2,5,3,5,6,7,6,7,6,2,5,5,2,6,5,6,7,4,1,2,4,3,1,7,7,2,5,3,2,3,4,3,3,6,3,6,1,2,7,5,5,5,1,3,4,8
5532666,8,Female,18,2,4,1,1,7,2,3,1,3,1,1,2,1,3,5,3,7,5,3,1,2,3,1,1,2,3,2,8,2,6,8,2,3,1,4,2,3,1,2,1,2,2,1,2,5,1,3,4,1,1,2,1,3,3,2,6,1,2,4,1,5,2,3,3,1,4,4,1,4,2,6,6,4,1,1,2,2,2,2,2,2,1,2,5,4,2,1,7,3,2,4,1,1,1,1,1,1,2,3,1,2,4,6,7,5,3,2,6,3,2,4,5,1,8,1,1,1,8,4,6,2,5,2,3,1,3,2,4,8,1,1,1,4,3,3,1,1,5,2,7,2,3,3,1,1,2,2,5,3,6,8,4,2,1,6,2,1,4,3,1,1,1,5,3,2,5,5,3,2,2,1,3,5,2,2,4,2,1,2,2,2,1,3,2,1,1,2,2,3,2,9,4,3,2,8,3,4,3,6,1,2,7,2,5,1,6,3,1,6,4,1,2,7,1,6,3,2,3,2,1,2,2,3,2,3,2,2,4,5,3,2,2,1,3,1,3,6,2,3,2,1,1,1,6,3,2,7,5,6,3,2,2,2,3,3,4,4,2,1,1,3,3,1,5,1,1,3,2,3,1,1,6,2,1,4,2
5549375,13,Other,19,4,4,2,6,7,4,3,3,3,7,2,2,4,6,4,6,7,6,4,2,1,1,2,2,2,3,6,6,6,6,2,2,3,4,4,4,3,3,6,2,3,1,4,6,6,2,4,2,3,3,2,4,7,4,4,7,3,6,4,6,7,2,4,3,2,3,7,1,3,3,3,7,4,3,3,4,3,3,4,7,3,6,7,3,4,4,6,6,6,4,4,6,6,6,2,4,3,4,4,4,4,3,2,3,7,4,1,7,6,6,4,6,2,2,3,2,2,3,6,6,3,6,6,4,2,4,7,7,6,3,3,4,3,3,6,2,4,4,6,6,1,1,4,6,4,1,2,2,4,6,3,2,6,4,8,3,2,2,1,1,6,3,1,4,1,3,3,3,2,1,2,6,3,2,2,3,2,1,4,4,1,3,6,6,6,2,3,3,3,2,6,4,4,3,6,3,4,3,3,3,4,4,3,2,2,2,2,3,6,2,2,4,3,2,2,3,4,2,4,3,2,6,6,6,3,2,4,3,5,6,6,4,3,3,3,4,6,4,6,3,4,4,7,6,6,4,7,1,3,6,1,2,4,4,4,4,4,6,3,2,3,2,4,6,6,4,3,3,4,4,6,6,2,3,1,7
5554296,36,Female,18,4,5,5,6,7,5,3,3,6,6,3,4,5,2,6,5,5,5,3,4,3,4,5,3,5,4,4,7,4,4,5,4,3,3,4,5,5,4,3,6,3,5,4,3,6,9,4,5,2,5,5,3,4,3,8,2,5,4,3,4,8,4,4,3,5,4,5,5,3,5,6,7,3,4,4,5,6,5,6,3,6,3,6,5,3,4,3,4,5,5,4,7,3,6,5,2,3,2,5,3,4,5,8,5,5,4,6,3,4,5,5,3,4,6,5,5,3,6,4,6,4,4,7,7,5,3,5,5,4,4,4,4,7,3,2,5,6,3,3,7,6,4,4,4,6,5,3,4,4,4,4,3,6,2,5,4,5,5,5,3,3,3,3,4,3,5,5,4,2,3,5,4,5,3,4,4,4,3,3,7,4,5,4,5,4,4,3,6,4,3,6,3,5,4,4,3,5,4,5,4,3,4,5,5,5,3,3,4,5,5,3,6,5,3,4,5,4,4,6,5,3,4,4,4,4,4,4,5,7,7,6,5,7,3,3,3,4,4,5,3,5,4,5,5,4,3,3,4,3,4,4,3,5,4,5,4,5,4,5,4,2,4,3,6,3,5,2,4,6,4,7,6,3,3,2,4
5624520,17,Other,19,2,4,4,5,5,1,4,1,4,4,2,5,5,5,4,2,2,3,3,2,2,4,7,2,4,3,3,4,2,4,5,6,2,2,5,4,6,2,3,4,4,3,2,3,8,7,4,3,6,4,2,4,3,3,5,3,4,3,3,4,8,4,2,4,1,4,2,2,2,3,6,3,1,2,4,4,4,2,4,2,3,3,2,4,4,2,3,7,5,1,3,2,1,1,3,3,3,6,7,4,3,3,7,3,3,3,3,5,3,7,4,6,2,4,6,3,1,7,3,5,3,2,5,2,5,2,2,2,7,2,2,4,4,1,1,2,6,4,3,7,3,7,2,2,2,3,6,3,1,8,6,2,3,2,8,3,3,3,4,3,2,3,2,3,2,7,6,3,3,3,4,5,8,3,4,6,3,2,1,5,4,5,1,5,2,3,1,2,5,3,8,7,2,2,7,4,3,3,4,2,1,7,2,7,2,4,1,6,7,2,3,3,8,2,5,3,1,2,2,3,2,5,5,5,6,3,3,2,5,2,2,3,4,2,3,5,5,3,3,3,8,3,5,2,5,5,6,3,2,4,4,6,3,4,5,6,5,3,3,4,2,2,4,3,5,5,2,3,6,3,1,5,1,2,4,4
5632196,19,Female,19,3,2,4,6,5,4,4,2,3,5,3,4,4,3,4,6,6,4,3,2,2,3,3,4,3,4,5,3,4,4,2,4,2,3,4,4,3,4,4,2,3,2,3,3,4,4,3,4,4,4,2,6,5,3,5,2,3,4,4,5,5,3,3,4,3,4,3,4,5,3,6,4,3,3,3,3,2,4,6,2,3,5,4,4,3,2,3,6,4,4,3,5,5,4,4,5,6,2,4,3,3,3,5,3,3,3,2,3,3,5,4,3,3,5,2,2,3,5,4,4,4,3,4,5,3,4,6,4,5,3,2,5,2,2,4,3,5,4,4,4,2,2,3,3,3,2,3,2,2,5,6,4,4,5,6,2,2,4,4,3,4,3,2,2,2,4,5,4,4,2,2,4,6,2,4,4,2,2,3,5,4,5,4,5,3,3,2,3,4,3,3,4,3,4,5,4,3,3,5,4,3,4,3,3,3,4,2,3,5,3,3,2,4,2,3,3,4,2,4,3,3,6,4,4,4,4,2,3,5,2,3,3,5,4,4,5,4,3,3,3,4,4,4,5,5,6,4,2,2,2,3,4,4,5,4,1,3,5,2,2,3,2,3,2,4,4,4,5,4,3,4,6,2,4,2,5
5696321,17,Female,19,4,4,6,5,4,5,6,4,7,4,4,7,4,2,7,2,5,6,4,3,4,7,5,5,4,7,4,5,6,7,5,4,5,6,5,2,8,2,4,3,6,5,3,2,3,4,5,5,4,2,6,6,1,5,5,6,6,4,5,4,7,8,4,5,7,4,3,7,5,3,5,3,3,2,2,4,3,1,6,4,5,4,3,4,7,4,3,8,2,1,4,4,5,2,3,5,5,2,7,4,5,5,2,5,5,3,3,8,4,3,4,5,7,6,4,3,6,7,4,6,6,6,3,7,5,5,5,3,3,3,4,3,4,4,3,5,2,3,3,6,3,7,6,3,3,4,6,5,6,4,6,3,4,5,8,3,2,4,4,4,4,3,4,3,4,5,3,7,4,7,3,4,6,4,5,5,3,6,3,3,2,7,4,5,4,5,4,2,3,4,6,7,4,4,9,2,5,4,6,5,3,7,3,4,4,5,3,4,5,7,5,6,9,5,5,4,2,3,5,1,4,5,5,9,6,7,3,2,3,3,4,3,4,4,5,5,2,5,5,6,7,2,7,7,5,7,6,7,5,5,3,3,4,6,4,3,2,3,3,2,4,3,3,3,2,8,3,5,2,3,4,4,6,4,3,3
5785089,24,Female,19,1,2,1,3,2,1,1,1,1,3,1,1,3,2,1,1,4,1,2,1,1,1,2,1,1,2,2,4,1,1,2,1,1,1,2,4,3,1,1,1,1,1,1,1,3,1,1,1,1,1,1,1,4,1,6,3,1,1,2,1,6,4,1,3,1,1,1,1,1,1,3,4,1,1,1,1,1,1,5,1,1,3,3,1,1,3,1,1,1,1,3,3,4,1,1,1,2,1,2,1,1,3,6,1,3,1,1,2,2,2,1,1,1,1,1,1,1,1,4,1,1,3,1,1,1,2,4,3,2,1,1,1,1,3,1,1,1,1,1,2,1,1,1,1,1,1,1,1,1,1,1,1,2,2,3,1,1,1,1,1,1,1,1,1,1,3,5,1,1,1,1,1,3,1,1,1,1,1,1,1,1,1,1,3,1,1,1,1,1,1,2,1,1,1,3,1,1,2,1,1,1,1,1,1,1,1,1,1,1,2,1,1,1,1,1,1,1,1,1,1,1,3,1,4,2,1,1,1,1,1,1,1,2,1,1,2,2,3,1,2,3,1,3,2,4,2,1,1,1,2,1,4,1,5,1,1,1,1,1,1,1,1,1,5,1,6,1,2,1,1,2,6,1,1,2,5
5787365,16,Female,20,1,6,4,3,7,1,4,2,2,6,1,2,2,4,7,4,4,4,1,2,3,6,6,3,5,2,5,2,6,6,5,2,1,2,4,6,8,4,3,6,3,1,1,1,5,7,3,6,3,1,2,6,3,4,7,2,6,6,3,3,8,3,6,3,2,5,5,3,2,2,2,7,2,4,5,8,5,3,7,3,1,4,1,5,4,1,3,8,6,4,2,3,3,5,5,2,1,3,6,1,6,3,8,1,4,4,2,4,2,7,3,2,5,6,2,2,1,5,6,1,3,5,4,7,4,5,8,3,7,2,3,3,7,3,2,3,3,4,3,4,1,4,4,4,1,2,4,3,6,6,6,1,6,6,9,2,3,3,4,5,2,3,4,2,2,2,8,4,4,2,3,7,7,3,5,5,2,3,2,5,2,5,7,3,2,3,1,3,2,3,2,4,3,2,4,4,7,2,2,3,4,3,4,3,3,2,3,1,2,1,2,3,7,3,5,5,3,1,2,3,2,2,3,3,3,2,4,3,2,3,4,2,2,3,4,6,3,5,2,3,7,3,3,4,3,3,8,2,2,1,3,2,1,2,3,3,1,3,2,3,2,2,5,3,2,3,4,4,3,1,6,2,1,6,6,4
5789800,22,Male,20,3,8,4,7,6,3,4,3,6,7,2,5,4,4,6,4,7,7,3,3,3,4,6,4,5,7,5,7,3,4,6,4,3,4,6,6,7,3,4,4,3,4,1,3,8,8,5,2,4,5,5,6,6,3,8,3,4,4,3,6,8,6,4,4,4,7,6,3,3,4,7,6,4,3,3,6,7,3,7,3,3,3,2,6,3,3,2,8,2,4,6,5,3,3,4,4,5,4,3,3,2,5,7,4,6,6,5,5,4,6,3,3,2,7,5,2,3,2,7,3,3,6,6,4,4,4,6,3,6,3,3,5,6,4,2,4,3,6,7,4,4,3,6,4,3,3,2,5,2,8,7,3,4,5,8,4,4,5,6,6,3,3,2,4,3,6,7,4,2,3,4,4,8,3,5,3,3,2,1,6,3,5,3,4,3,5,2,2,6,2,7,6,3,3,7,4,2,4,4,5,6,4,4,4,3,7,4,6,6,3,4,6,3,3,6,5,3,3,3,3,4,6,7,7,6,4,3,3,8,5,6,7,4,4,4,5,5,6,6,3,4,5,7,7,7,6,6,4,3,4,3,4,4,6,3,2,6,4,4,4,3,4,4,6,4,6,2,4,5,2,7,8,3,5,4,6
8969379,,Female,19,3,7,6,6,7,1,3,1,4,5,2,3,2,5,5,5,4,7,3,1,3,3,5,5,4,7,3,7,3,2,4,1,2,3,7,5,6,2,5,4,3,3,1,2,7,3,2,1,2,3,1,5,3,3,7,5,3,5,3,7,7,4,3,5,5,7,3,3,1,3,7,3,1,1,3,3,3,5,4,1,1,2,3,3,1,1,2,5,5,5,5,5,5,3,2,4,5,5,3,1,3,5,5,4,1,3,1,3,1,5,3,1,3,7,3,1,1,1,7,4,2,4,5,3,3,5,3,5,7,2,1,4,5,4,1,2,2,5,4,5,1,3,7,1,3,4,1,1,1,7,5,1,6,3,8,2,3,2,2,5,2,1,1,5,1,7,7,3,5,4,3,7,6,1,4,1,2,1,2,4,3,3,2,5,1,3,2,1,5,3,8,5,6,4,7,6,4,4,5,5,5,3,5,4,4,3,1,1,1,5,5,1,5,2,3,1,1,1,1,1,1,5,5,4,1,1,1,1,3,4,3,4,7,5,5,7,3,3,2,3,5,3,5,3,7,7,7,4,3,4,4,5,1,1,5,4,4,3,1,2,1,1,5,7,5,5,1,4,5,1,7,5,2,5,2,5
8969437,,Female,20,2,1,3,6,4,3,2,1,1,4,2,1,4,6,6,6,7,1,1,1,1,1,3,1,2,6,3,4,5,3,2,3,1,2,3,6,1,2,1,3,2,2,2,1,3,6,1,4,2,1,1,2,1,2,5,1,1,2,2,1,7,4,2,3,1,6,4,1,2,2,3,4,1,2,2,2,1,3,6,2,1,4,1,6,2,3,2,3,1,2,2,3,4,2,1,2,6,1,2,3,2,4,6,4,3,2,2,4,2,6,3,2,2,3,1,1,1,2,6,2,3,3,4,2,2,2,6,4,4,2,2,6,3,1,1,1,4,1,2,1,2,2,1,1,2,2,4,2,1,3,5,2,2,4,8,3,2,1,2,2,2,1,3,2,2,1,6,1,5,3,1,2,3,1,1,3,1,3,5,3,1,5,4,2,2,2,4,3,5,3,5,4,1,2,3,3,4,3,1,7,2,2,1,1,3,2,2,3,1,4,2,2,2,2,2,2,2,1,1,1,5,2,4,6,2,2,2,4,2,2,2,1,3,1,3,2,2,2,3,2,2,3,5,5,4,6,3,1,3,2,1,3,2,6,2,3,2,5,2,4,5,2,1,3,2,1,3,6,3,1,6,6,2,3,1,5
8969513,,Female,19,4,2,6,5,6,3,2,3,4,9,3,5,5,5,4,4,5,5,1,2,3,3,6,2,4,6,4,3,4,3,5,1,3,5,5,6,4,3,4,5,5,2,3,2,5,5,2,6,5,2,1,5,2,3,8,4,2,4,2,5,6,5,2,5,3,2,4,4,2,1,5,5,3,1,4,5,1,3,6,3,3,1,2,3,3,4,3,1,4,3,6,7,1,1,3,3,3,2,1,2,1,2,8,1,6,2,3,7,1,6,3,1,2,6,1,3,1,1,6,5,6,3,5,5,4,5,4,3,5,2,1,6,3,3,4,2,3,5,5,5,1,1,3,3,3,2,3,4,5,8,5,2,5,7,7,5,2,4,6,4,3,4,2,2,1,3,2,1,5,2,1,4,7,5,5,4,2,2,4,3,2,3,3,2,2,4,3,4,3,4,2,2,2,4,5,3,6,4,5,1,2,2,6,1,3,7,5,3,3,6,3,4,2,6,1,5,2,2,1,3,1,7,5,7,6,2,1,4,5,5,2,5,4,5,4,2,5,3,5,1,4,4,6,5,3,3,3,2,2,7,1,5,3,6,3,3,3,4,2,3,1,4,2,5,4,2,4,4,5,3,5,5,2,3,4,4
8969922,,Female,23,1,1,1,8,7,1,1,1,1,1,1,1,1,1,1,1,3,5,1,1,1,1,2,1,1,5,1,1,2,1,1,1,1,1,4,5,2,1,1,1,1,1,1,1,2,3,2,1,1,1,1,1,2,1,4,1,1,1,1,2,5,6,1,2,1,1,3,1,1,1,1,6,1,1,1,1,1,2,1,1,1,1,1,1,1,2,2,5,1,3,1,1,1,1,1,2,1,1,2,1,1,1,7,1,4,1,1,1,1,3,1,1,1,4,1,1,1,3,4,1,4,1,1,1,1,1,6,2,1,1,1,3,1,1,1,1,3,2,7,3,1,1,1,1,1,1,1,1,1,2,1,1,2,1,7,1,1,1,1,1,1,1,1,1,1,1,6,1,1,1,2,4,2,1,2,1,1,1,3,1,1,2,1,2,1,3,1,1,1,1,5,1,3,3,7,2,4,1,1,4,1,1,1,1,2,1,1,2,1,1,1,1,4,1,1,1,1,1,1,1,1,6,1,6,1,1,1,1,4,2,1,1,1,1,1,1,2,1,1,1,3,1,1,2,1,1,5,1,2,3,1,1,1,1,1,5,3,3,1,1,1,1,1,3,1,1,1,3,1,1,3,8,1,1,1,8
8970321,,Female,19,3,3,1,3,3,1,3,1,2,3,2,3,1,3,3,2,3,2,3,2,2,2,3,3,3,3,3,5,2,2,4,2,2,1,2,4,3,2,2,3,2,2,1,1,5,2,2,1,2,3,2,5,4,2,3,4,2,3,2,2,2,2,4,2,2,3,3,2,2,2,2,6,3,4,4,2,3,2,5,2,2,3,1,3,3,1,1,3,2,2,3,2,1,2,2,2,2,3,2,4,2,1,3,2,3,2,3,3,7,2,3,1,2,3,2,2,1,8,4,5,2,2,5,4,2,4,3,2,3,3,1,2,1,1,2,3,3,3,2,2,1,2,2,1,1,1,3,2,3,6,3,3,2,2,4,4,3,2,4,2,2,3,1,2,1,3,3,2,1,2,1,2,3,2,2,2,3,2,1,2,1,4,2,3,2,3,2,3,2,3,3,4,1,1,2,1,1,3,3,2,2,3,3,2,1,3,2,3,2,2,3,2,3,3,4,2,2,2,2,4,2,3,3,2,2,2,2,3,2,3,2,2,2,2,4,3,2,3,2,2,3,2,2,4,2,3,7,4,2,2,2,2,3,4,2,2,2,4,2,1,2,1,2,2,2,4,1,2,3,2,3,4,3,3,3,5
8970673,,Female,19,3,3,5,6,6,1,2,1,4,7,1,2,1,4,5,3,2,2,1,1,1,4,2,4,3,7,8,1,3,3,1,1,1,1,4,7,1,1,2,1,1,1,1,1,5,7,2,1,1,2,2,3,8,2,6,2,1,4,1,3,8,4,6,4,2,2,4,1,4,2,2,3,4,1,1,3,1,6,9,4,1,1,2,6,2,1,2,8,1,4,4,2,1,1,2,3,3,1,7,1,2,2,4,1,1,3,2,6,5,2,1,2,1,3,2,1,1,6,6,1,1,3,3,7,5,3,7,1,9,1,1,2,1,2,1,1,1,4,1,6,1,4,2,1,2,2,6,1,1,4,6,1,2,1,6,3,2,1,2,2,1,2,1,2,1,4,7,2,4,1,1,2,7,2,3,2,2,1,1,2,2,3,2,3,1,2,1,3,7,1,3,2,2,1,5,3,3,1,7,2,1,2,2,3,1,1,2,2,4,2,1,1,6,2,3,4,2,1,1,1,1,2,1,2,6,1,1,4,1,2,1,3,4,3,3,2,3,6,4,1,8,4,4,3,5,4,6,2,1,4,2,1,3,8,3,3,4,2,2,3,2,2,4,2,2,6,1,3,2,3,4,6,1,4,2,4
8971011,,Female,19,2,1,1,3,3,1,2,2,1,1,1,4,1,2,2,1,1,3,1,1,1,2,4,1,1,5,3,2,1,3,4,2,1,2,2,4,3,1,1,3,2,1,1,2,2,7,2,3,2,1,2,3,1,2,1,2,2,1,1,4,5,1,2,2,1,3,3,1,1,1,1,5,1,2,3,2,3,1,5,1,1,2,2,3,1,1,1,6,3,2,1,2,3,2,2,1,1,2,5,2,2,1,6,1,3,1,1,2,1,4,1,1,1,2,1,2,1,6,2,1,1,1,4,4,2,2,5,1,2,4,3,1,2,2,1,1,2,1,1,1,2,2,1,4,2,1,2,1,1,3,4,2,1,1,6,2,1,2,1,1,5,2,4,1,1,5,3,1,2,1,2,1,1,2,1,1,3,1,4,1,2,1,1,1,1,2,2,1,2,1,6,5,1,1,7,1,1,2,1,4,1,1,1,2,1,1,3,2,1,2,3,3,1,2,3,1,1,1,2,1,1,5,1,5,1,1,3,3,2,3,2,2,1,2,2,1,2,3,1,2,4,3,1,1,9,2,6,1,1,1,1,2,1,2,2,1,1,2,1,2,2,1,2,4,3,2,3,3,4,2,1,2,2,2,2,3
8971189,,Female,19,3,6,2,6,2,2,4,1,6,4,1,3,3,3,6,3,5,3,4,1,3,4,8,3,5,6,7,3,7,7,2,2,2,4,4,7,8,3,5,5,3,4,1,3,9,7,4,4,4,4,5,5,2,4,5,6,4,6,6,5,3,4,7,5,4,4,4,4,5,6,4,8,7,2,1,6,5,1,8,2,2,6,3,7,6,3,2,7,6,2,5,1,1,1,4,2,6,3,8,2,4,6,5,4,2,3,4,4,7,6,6,6,6,8,6,1,2,7,7,6,5,4,5,8,2,2,8,2,7,1,1,3,6,4,2,2,7,4,2,8,3,7,5,2,3,3,6,3,9,9,8,3,5,3,8,3,4,3,2,4,3,4,3,3,3,5,4,3,3,2,2,1,6,5,3,5,4,4,6,6,4,7,3,6,5,4,5,4,3,3,7,5,6,1,9,4,6,6,3,1,3,1,1,6,3,6,2,4,7,4,4,3,7,6,3,5,1,2,3,2,4,5,5,2,2,4,8,3,4,7,3,3,8,4,7,4,7,3,5,2,3,4,4,6,5,6,8,7,2,7,2,3,3,4,5,1,6,4,4,5,2,6,5,3,6,4,4,3,5,3,3,4,1,4,5,4
8971261,,Female,20,1,1,2,2,2,1,1,1,2,4,1,1,1,1,1,4,1,1,1,1,1,3,3,3,1,3,2,3,3,1,2,1,1,1,4,4,2,1,1,1,2,1,1,1,2,6,1,2,1,1,1,2,1,1,4,1,1,2,1,1,4,2,1,3,2,1,2,1,1,1,3,2,1,1,1,1,1,1,4,1,1,2,2,5,3,1,4,6,7,1,1,1,2,1,1,1,5,1,2,1,1,2,8,2,1,1,1,2,3,2,1,3,1,2,1,1,1,2,3,2,2,1,1,1,1,2,3,1,2,1,1,1,1,1,1,1,1,2,1,1,1,3,1,1,1,1,2,1,1,5,2,1,5,1,4,1,2,1,1,1,4,1,1,1,1,3,2,1,1,1,1,1,3,1,1,1,1,1,2,1,1,2,4,2,1,1,1,1,1,1,4,2,1,2,3,1,2,2,2,1,1,1,1,1,1,1,1,1,3,2,2,1,3,1,1,1,1,1,1,1,1,2,2,4,1,1,1,1,1,1,1,4,1,2,3,3,2,1,3,1,5,1,8,5,1,3,2,1,1,1,1,1,1,2,1,3,3,5,1,1,1,1,1,1,1,2,3,6,3,1,1,4,1,1,1,3
8971315,,Male,20,1,1,1,3,3,1,1,1,2,1,1,1,1,1,3,3,2,3,1,1,1,1,2,1,1,1,2,1,1,1,1,1,1,1,1,3,1,1,2,1,1,1,1,1,1,4,1,1,1,1,1,1,1,1,1,1,1,2,1,2,6,2,1,2,1,2,1,1,1,1,5,2,2,1,1,2,3,1,4,1,1,1,1,2,1,1,1,7,1,1,1,1,1,1,1,1,4,1,1,1,2,1,8,1,1,1,1,3,1,5,1,1,1,1,1,1,1,1,1,2,1,1,1,3,1,1,2,1,2,1,1,3,1,1,1,2,3,1,2,2,1,2,1,1,1,2,1,1,1,1,4,1,3,1,7,1,1,1,4,1,1,1,1,1,1,1,4,1,1,1,1,1,4,1,1,1,1,1,1,1,1,1,1,3,1,1,1,1,1,2,1,1,2,2,1,3,2,1,1,3,1,1,1,1,1,2,1,1,1,2,1,1,1,1,1,1,2,1,1,1,1,1,1,2,1,2,1,1,2,1,1,1,1,1,1,3,2,1,3,1,1,1,6,1,3,3,1,1,1,2,1,6,1,5,1,1,5,1,1,1,1,1,1,1,1,1,1,2,1,1,1,1,1,1,1,3
8971395,,Female,20,1,3,3,4,5,1,1,1,7,6,3,8,5,6,6,1,5,5,4,2,1,5,3,2,3,7,1,4,3,3,5,5,5,1,4,5,5,2,3,7,3,6,4,6,3,4,4,5,4,6,6,3,7,6,9,6,1,1,2,2,3,4,2,4,2,5,3,2,8,2,4,3,2,1,3,3,1,2,7,4,3,4,5,2,5,6,4,5,5,6,5,4,2,1,7,3,5,3,3,1,5,4,5,4,2,6,3,1,4,3,1,1,7,5,4,1,1,1,2,1,5,4,2,2,2,5,3,7,6,4,3,4,5,4,2,5,5,2,3,2,4,4,2,1,1,4,3,4,1,2,5,6,4,3,7,3,5,6,3,5,7,4,3,6,1,5,3,4,3,6,4,2,6,4,4,5,4,1,3,2,6,3,4,3,6,2,3,4,3,2,3,4,2,4,4,4,5,3,3,4,2,5,4,2,3,4,5,5,3,4,1,2,3,3,4,3,2,3,2,6,4,6,5,2,1,4,5,5,4,6,6,2,3,3,6,5,5,4,2,5,4,4,2,3,6,6,3,7,3,4,4,7,3,4,3,2,2,3,4,2,4,3,2,3,5,8,2,4,1,3,6,6,3,2,4,4
8972881,,Female,19,2,3,2,6,4,2,3,3,3,6,3,3,2,3,5,3,5,5,2,1,1,2,3,1,5,3,3,4,5,4,4,3,4,1,5,5,7,3,2,4,3,4,4,3,7,3,4,3,3,3,3,5,5,4,8,2,3,2,2,3,8,3,2,3,5,7,2,2,3,2,5,2,1,3,1,3,3,4,3,3,3,3,2,6,2,3,5,4,5,2,4,4,2,2,5,3,4,4,3,2,4,3,6,5,5,3,3,7,3,8,4,2,4,5,3,2,2,1,6,2,4,1,5,4,4,5,5,2,3,2,3,5,5,4,2,3,6,2,4,4,2,3,2,4,2,2,3,3,2,6,6,1,5,3,8,4,3,2,3,2,2,6,3,5,1,4,5,3,2,1,2,7,7,4,5,2,3,3,3,2,7,6,3,4,3,4,2,1,4,3,4,4,4,4,4,6,7,4,3,4,4,1,5,4,5,2,3,2,2,4,3,2,2,1,1,2,2,2,3,3,3,4,5,7,4,3,2,4,5,4,3,4,4,3,1,4,5,4,3,3,2,4,2,4,3,3,6,5,2,4,2,3,3,3,3,3,4,3,3,4,3,3,2,7,3,3,3,3,4,4,6,5,3,4,4,6
8972920,,Female,19,2,4,4,2,1,1,1,1,1,7,1,2,3,1,5,1,4,3,1,1,1,1,1,1,1,1,3,7,2,6,1,1,1,3,1,2,3,4,1,1,1,1,1,1,3,4,1,1,1,2,1,5,1,2,1,1,1,3,1,1,5,1,1,1,1,2,3,1,1,1,5,1,1,2,1,1,2,1,1,1,3,3,1,1,1,1,1,4,7,1,1,1,1,1,1,1,1,1,1,1,1,1,1,1,1,1,1,1,2,2,1,1,1,1,2,1,1,1,1,1,1,1,1,6,1,3,4,1,4,1,1,1,1,1,1,1,1,1,1,1,1,1,2,1,1,3,1,1,1,1,1,1,1,3,4,1,1,1,1,1,1,3,1,1,1,3,4,1,1,1,1,3,6,1,1,1,1,1,1,1,1,1,1,1,1,1,1,1,1,2,1,1,1,1,1,1,8,1,1,1,2,1,3,1,1,1,1,1,1,1,4,1,1,1,1,1,1,1,1,1,1,3,3,6,8,1,1,1,1,1,1,1,1,3,1,1,1,1,1,1,1,1,1,1,1,3,6,1,3,1,1,1,1,1,3,2,1,1,2,2,1,1,1,1,2,1,1,3,1,1,1,4,1,1,3,2
8972971,,Male,19,6,4,6,6,8,1,4,2,4,4,5,7,4,8,5,7,5,5,3,5,1,2,3,4,7,7,2,4,6,4,4,2,4,4,5,4,6,3,6,4,4,5,1,6,8,3,6,5,6,6,2,6,6,3,6,4,4,2,5,3,7,4,8,3,4,6,3,1,4,7,7,4,5,1,4,5,3,3,7,5,7,8,6,3,3,3,3,7,3,5,6,6,2,5,6,3,4,4,3,2,4,4,3,6,2,4,2,5,2,8,5,4,8,2,6,1,1,3,6,4,6,7,4,6,4,6,8,4,6,4,3,6,3,5,3,4,3,4,6,4,3,4,5,4,6,6,6,3,5,6,4,2,5,4,3,6,4,5,3,4,4,4,1,4,5,5,7,6,5,4,4,3,4,3,5,6,4,2,2,3,3,4,4,3,5,2,5,3,6,5,3,6,5,5,6,5,3,8,6,3,7,3,4,7,7,5,3,6,4,4,7,7,5,4,6,4,4,4,4,1,3,5,5,8,3,6,9,1,4,4,5,6,4,5,6,6,3,3,6,4,4,4,7,2,5,4,2,3,2,4,3,5,3,3,4,5,6,7,3,6,5,6,6,2,3,4,5,5,6,4,4,2,6,5,5,8
8974071,,Female,19,3,1,2,8,6,1,1,1,1,6,1,1,2,1,4,2,6,4,1,1,1,1,1,1,2,6,3,2,1,6,2,2,1,1,2,3,1,1,2,1,1,2,1,2,4,4,1,2,1,1,1,4,4,1,7,1,1,2,1,4,8,4,1,3,1,6,4,1,1,1,4,4,1,1,1,4,1,1,7,1,1,1,1,4,1,1,1,2,2,1,1,2,1,2,1,2,5,3,4,1,2,2,6,2,1,1,1,2,1,2,1,1,1,6,1,1,1,3,4,2,1,4,2,6,1,1,3,2,2,1,1,2,1,1,1,1,2,1,2,2,1,1,6,1,1,2,1,1,1,4,5,1,2,2,7,2,1,1,2,1,1,2,2,1,1,1,3,1,1,1,2,2,7,1,2,1,1,1,1,2,1,3,2,2,1,1,1,1,2,1,3,2,1,2,6,1,1,1,2,2,1,1,1,1,1,1,1,1,2,1,1,2,1,1,2,2,2,1,2,1,1,4,2,7,2,1,1,1,2,2,2,1,1,2,1,1,2,1,7,1,6,2,5,3,5,3,4,1,1,4,1,5,1,1,4,1,1,4,1,1,2,1,1,2,1,2,2,2,2,1,4,5,1,1,1,4
8976109,,Female,20,1,5,1,1,1,1,2,1,4,4,1,2,1,1,6,2,3,1,1,1,1,7,4,5,1,2,2,8,1,1,8,2,1,1,3,3,3,1,2,1,2,1,1,1,6,8,3,1,2,1,1,2,4,1,6,1,1,3,2,4,8,5,1,5,1,2,5,1,2,1,5,8,4,1,1,1,1,1,7,1,1,1,1,2,3,1,1,4,1,1,1,1,1,2,4,1,2,2,7,1,1,1,7,1,1,5,1,1,1,1,2,3,1,7,1,1,1,1,6,7,1,3,1,6,1,1,3,3,5,1,1,1,1,1,1,1,1,1,1,6,1,6,1,2,1,1,1,1,1,7,3,1,1,1,8,1,1,1,1,1,1,1,1,2,1,2,4,3,1,1,1,7,6,1,2,1,1,1,1,4,7,8,1,1,1,6,1,3,1,1,2,1,1,1,8,2,6,4,1,5,2,1,3,2,1,1,2,1,6,1,1,8,1,1,6,2,1,1,1,1,1,5,1,2,1,1,2,1,3,1,1,4,1,1,1,3,1,2,1,3,8,1,1,7,1,1,8,2,1,2,2,2,1,1,4,4,1,2,2,3,1,1,1,1,1,1,1,1,1,1,2,7,1,1,1,4
8978416,,Female,20,2,8,6,7,7,2,6,2,2,6,2,5,2,6,6,6,8,7,2,2,3,3,3,6,6,7,4,5,6,2,5,3,2,3,5,6,6,2,5,6,6,3,2,2,8,8,6,2,4,3,4,5,4,6,8,6,2,6,2,5,8,7,2,7,2,5,6,2,4,3,6,4,3,2,3,6,6,2,7,3,2,6,6,7,3,3,8,8,5,2,5,7,2,2,5,5,4,3,4,2,5,6,8,2,7,3,2,3,3,5,2,2,4,6,5,2,4,2,8,2,6,6,6,3,6,4,8,6,7,2,2,6,3,5,2,4,2,6,2,2,3,2,7,2,2,5,2,3,3,7,6,5,7,5,8,6,2,2,6,6,5,2,2,3,2,8,8,4,2,3,3,6,7,4,4,4,2,2,3,4,2,5,2,7,2,2,2,2,2,2,7,3,3,6,8,3,7,5,3,7,6,2,6,3,4,2,5,2,5,4,5,5,1,5,5,2,2,3,2,2,3,6,5,7,6,3,2,2,2,3,5,3,6,4,3,5,7,4,4,2,2,4,4,2,7,2,3,2,3,3,2,3,4,6,6,2,5,4,5,3,2,2,2,3,3,5,2,2,4,3,2,7,2,6,4,7
9006547,,Female,20,5,2,3,8,7,3,3,3,3,6,3,2,4,3,7,6,7,4,2,2,1,4,6,3,5,7,4,6,6,5,6,2,3,3,7,5,6,3,4,5,2,3,1,2,6,7,3,3,3,2,3,6,5,6,8,3,3,3,3,7,8,6,2,3,1,6,6,2,2,2,6,6,1,2,2,2,5,3,5,2,1,5,3,5,4,3,4,5,6,3,5,5,6,5,3,4,5,4,4,2,3,5,8,4,5,2,2,2,3,6,5,6,2,4,4,2,3,2,5,3,6,6,3,5,4,5,7,6,8,2,2,6,7,5,4,2,6,6,5,5,1,2,2,1,2,1,4,1,2,8,7,3,6,3,8,2,4,3,3,3,3,1,1,5,2,5,5,3,5,6,2,6,7,6,6,3,1,1,3,5,2,3,4,6,2,4,4,1,4,6,7,6,6,6,5,4,5,4,5,6,3,3,6,3,4,3,4,5,1,3,6,2,3,2,3,6,3,2,1,3,4,8,6,7,6,5,3,5,6,7,4,4,6,5,6,7,5,6,4,4,5,3,7,6,7,6,5,3,3,6,5,6,6,4,3,2,4,4,4,2,6,4,4,4,3,2,4,6,3,5,7,5,2,3,3,6
9010116,,Female,20,6,6,5,4,5,6,4,1,2,3,6,5,3,7,4,7,2,4,5,7,2,2,6,2,6,3,7,4,3,3,5,3,4,2,7,3,4,1,3,8,3,8,1,2,3,2,4,3,5,1,4,4,7,3,6,6,1,1,3,6,7,6,4,6,5,6,3,4,2,6,6,2,3,8,1,2,3,3,7,4,3,7,2,6,5,3,7,8,5,3,4,2,4,6,3,3,4,5,4,4,3,4,3,8,6,1,5,4,6,5,4,3,5,1,3,7,1,4,7,3,5,7,6,4,8,1,6,7,3,5,3,6,2,3,5,1,7,2,7,7,6,2,2,4,1,1,4,3,6,7,1,4,5,6,7,4,4,2,7,5,8,6,3,6,3,4,7,4,4,3,3,2,7,6,3,6,1,2,3,6,4,2,2,7,2,6,2,6,5,4,6,4,6,4,7,5,4,5,5,7,3,1,4,6,3,7,4,7,7,5,2,3,1,6,3,6,6,1,1,3,1,4,3,4,7,3,4,4,4,5,6,4,5,6,6,6,6,3,3,5,7,3,6,6,6,5,1,4,3,5,1,4,4,3,1,6,5,3,4,3,6,4,2,4,4,8,5,7,8,3,4,6,1,3,2,6
9010798,,Female,19,2,4,4,8,7,1,2,1,2,8,2,4,4,3,6,1,4,5,2,1,2,5,6,3,3,1,1,3,4,2,6,1,1,1,3,5,4,1,4,1,2,1,1,1,8,7,3,1,2,2,2,5,6,2,8,1,2,3,1,5,8,4,1,5,1,4,3,1,3,2,4,5,1,1,1,5,3,1,6,1,1,2,2,4,2,1,1,4,2,2,2,3,1,1,2,3,5,2,3,2,2,1,6,7,1,2,1,2,1,6,6,2,1,8,1,1,1,1,5,2,1,2,2,3,2,2,6,2,6,2,2,6,2,1,1,2,2,6,2,6,1,1,1,1,3,1,1,4,2,4,8,2,4,4,2,4,3,3,2,3,2,3,1,3,2,5,7,1,1,2,3,4,7,3,3,2,3,1,1,5,4,7,1,6,1,3,1,2,2,3,7,3,2,1,3,1,2,1,6,3,2,1,2,3,5,1,3,2,1,3,4,5,1,1,2,5,2,1,1,1,1,5,3,7,1,2,4,1,4,3,1,4,3,4,2,4,3,2,6,3,7,4,2,2,2,5,3,3,2,5,1,4,1,2,2,7,2,4,2,2,1,1,1,1,3,6,1,2,2,2,5,6,1,2,3,7
9012596,,Female,19,2,5,2,2,5,4,5,4,6,5,4,4,5,3,5,6,8,4,8,2,8,4,5,3,7,5,5,6,4,5,3,6,5,3,3,4,3,8,5,4,1,7,3,5,6,3,5,3,4,3,1,5,3,2,6,5,3,3,5,3,5,7,4,4,4,5,6,5,3,4,3,3,6,4,4,5,8,2,5,4,5,7,6,4,3,4,3,3,8,5,9,3,5,4,5,4,2,4,6,6,5,6,6,3,3,5,4,6,7,8,6,5,3,6,5,7,5,6,3,3,6,7,5,7,5,2,4,5,4,7,3,4,2,3,1,5,7,7,5,4,4,5,6,6,6,2,1,6,7,4,6,6,4,4,5,7,2,6,6,7,1,5,3,2,6,5,5,4,5,5,2,2,5,4,4,4,3,4,4,6,5,3,5,5,4,6,2,3,4,4,8,6,6,6,2,7,6,3,4,5,3,3,4,3,3,5,3,5,2,4,7,4,8,5,4,4,7,8,6,5,4,7,8,6,6,5,7,3,4,8,4,5,6,7,3,4,3,4,3,2,5,4,5,4,7,4,4,5,5,7,5,7,3,8,3,6,5,7,5,2,3,6,5,4,5,3,1,8,4,7,5,4,4,7,6,8
9020509,,Female,21,5,4,3,3,7,2,2,2,1,6,7,3,4,2,3,4,6,3,3,1,2,5,2,4,3,3,2,5,7,6,3,3,3,2,3,6,2,3,2,2,2,2,1,3,2,3,2,1,2,3,5,3,1,1,5,2,3,6,3,3,7,7,2,4,2,4,3,1,2,3,5,4,1,1,2,3,6,3,1,2,1,2,4,2,3,3,6,6,4,5,2,6,2,1,3,1,2,5,5,1,3,6,7,3,4,1,5,1,3,7,4,1,3,2,2,1,1,2,2,3,4,4,2,4,5,3,7,5,4,7,4,4,4,5,3,3,6,6,8,4,1,2,3,2,1,1,4,4,2,5,4,2,5,4,8,3,2,2,6,5,3,5,1,3,5,6,6,3,3,4,6,5,3,1,2,4,3,2,4,6,1,3,5,5,1,3,3,3,3,3,6,4,3,7,8,3,4,5,2,4,1,1,3,3,5,5,4,6,3,3,6,3,3,4,6,3,3,2,2,1,1,4,3,3,1,3,1,5,5,3,3,3,2,4,3,5,1,5,7,2,3,4,7,4,4,4,6,2,3,7,3,5,1,6,2,5,1,5,1,4,2,3,1,1,2,3,2,5,5,2,3,4,2,1,1,4
9027029,,Female,20,3,3,3,6,5,3,3,2,3,8,3,4,4,4,5,4,4,5,3,2,3,4,4,3,4,5,6,4,7,5,3,3,4,3,3,7,8,3,3,4,3,3,2,3,4,3,2,2,3,3,4,4,4,4,8,3,3,3,4,4,8,3,2,4,3,4,6,3,2,3,7,7,4,2,2,4,3,2,7,3,3,4,4,7,3,3,2,7,2,3,3,5,5,2,2,4,5,3,7,3,3,4,7,4,3,3,3,3,3,2,5,4,3,4,4,3,2,4,3,4,2,3,4,6,3,4,7,2,6,3,3,2,3,4,2,3,3,3,2,8,4,5,3,3,2,3,4,3,2,3,5,5,4,4,7,3,4,3,3,3,3,2,3,4,3,5,4,3,2,2,3,4,3,4,4,4,2,2,5,4,5,4,4,4,3,2,4,2,3,3,5,4,3,3,5,3,5,3,4,2,6,5,3,4,3,4,2,4,4,3,3,2,2,4,3,5,3,2,4,2,3,4,5,4,3,3,5,2,4,3,3,3,3,4,4,3,4,4,7,2,4,3,3,4,3,4,7,5,7,5,2,4,3,4,5,5,4,3,3,3,3,3,3,4,3,5,2,4,3,4,3,4,3,3,4,6
9028561,,Female,20,3,1,1,5,7,1,1,1,2,7,1,1,1,1,3,5,3,1,1,1,1,1,3,3,1,3,1,1,1,1,1,1,1,1,5,5,1,4,3,1,1,1,1,1,5,2,3,1,1,1,1,3,6,1,5,3,1,3,1,5,7,1,1,2,1,6,1,1,1,1,4,5,1,1,1,1,1,2,5,4,1,3,2,6,1,1,1,5,1,2,1,5,1,6,1,2,3,1,6,1,1,1,7,3,1,1,1,4,1,5,3,5,1,4,5,1,1,6,7,1,1,3,2,3,1,1,3,4,3,6,4,1,2,1,6,3,4,2,4,6,1,1,3,1,1,1,1,1,5,5,6,3,2,3,8,1,1,1,1,1,1,1,1,1,1,6,5,3,1,1,1,2,7,1,2,1,2,1,1,1,3,1,4,5,2,1,3,1,3,4,6,6,3,3,8,1,4,1,4,5,3,4,1,6,5,1,3,1,5,1,5,5,7,6,2,4,3,1,2,1,1,4,3,6,1,1,1,1,1,6,1,4,3,1,1,1,1,1,1,1,4,1,5,5,1,7,5,1,1,1,1,1,1,2,1,1,2,1,1,1,6,1,3,4,1,1,1,4,2,1,4,4,1,1,1,7
9029254,,Female,19,2,2,2,6,2,1,1,1,2,7,1,3,2,2,3,1,3,2,1,1,2,2,3,3,1,2,5,4,2,6,7,4,1,2,5,3,6,2,2,1,2,1,1,1,4,5,5,1,1,2,1,5,3,2,2,5,4,4,6,2,5,2,3,6,1,3,2,2,2,1,5,8,7,1,7,1,4,1,7,2,1,3,3,4,2,1,1,8,6,2,2,2,2,1,1,2,2,2,8,1,5,6,5,3,3,2,3,7,8,4,2,6,2,7,5,1,2,1,7,7,7,2,5,8,2,4,4,3,4,7,4,2,1,2,4,2,6,2,3,2,3,5,6,1,2,5,3,2,5,4,2,3,2,2,6,6,3,2,2,1,1,1,3,1,3,6,3,3,2,1,1,1,8,2,2,3,2,1,1,2,1,8,1,4,1,2,2,6,3,4,6,6,3,2,8,1,4,5,5,6,2,1,1,2,1,1,4,2,3,2,2,2,2,1,2,2,5,2,2,1,5,6,3,2,6,1,3,2,1,3,2,1,2,3,3,1,1,2,2,4,5,1,1,6,2,3,7,1,6,3,5,2,1,1,3,8,3,2,2,2,2,2,1,3,1,2,7,4,7,2,2,2,2,1,2,5
9045500,,Female,19,5,1,2,8,3,4,1,7,1,5,1,4,2,8,4,2,1,1,1,1,1,7,1,4,3,6,1,4,5,3,6,1,1,2,8,8,1,4,1,4,3,1,2,1,3,8,3,6,3,4,4,2,4,3,7,4,3,2,1,2,6,1,1,5,3,6,3,4,1,6,1,7,1,3,2,3,1,1,5,5,1,4,1,6,2,1,7,2,5,2,5,1,7,6,3,1,3,3,5,1,5,4,5,4,6,1,1,2,1,6,5,1,1,2,1,1,1,2,7,8,3,1,4,9,3,1,2,2,7,1,2,8,6,2,6,1,4,4,4,4,1,2,4,4,3,5,1,5,4,5,5,1,1,2,8,2,3,1,7,3,4,6,7,2,3,4,8,2,5,6,4,4,3,1,4,8,2,8,1,2,4,6,1,7,4,6,1,1,4,5,8,1,5,3,8,1,6,2,2,1,4,5,6,1,7,4,3,1,2,2,2,7,4,3,6,2,1,2,4,1,6,6,5,7,4,5,2,2,2,5,2,3,3,1,5,6,4,1,8,1,1,5,7,7,1,6,6,5,1,4,1,4,2,1,1,1,2,2,6,3,3,1,4,6,2,4,1,8,3,2,1,7,1,3,2,4
9047849,,Female,20,1,4,3,5,5,1,3,1,6,5,1,4,1,3,5,4,2,5,1,1,2,3,4,2,4,2,4,3,5,4,4,4,2,2,3,2,5,1,4,3,4,1,1,2,6,6,2,2,1,2,2,5,5,2,5,2,3,4,2,5,7,5,1,3,1,4,2,2,2,1,4,4,1,3,1,1,1,1,6,1,2,2,1,2,1,2,1,2,5,1,4,5,3,4,3,1,4,2,5,2,2,3,7,5,3,2,1,2,3,4,3,3,2,3,1,1,1,2,5,2,2,4,4,5,1,1,5,1,7,1,1,6,2,1,1,3,5,2,5,5,3,3,1,1,1,1,1,1,2,5,5,2,1,2,8,2,2,1,1,2,1,1,2,3,2,4,6,1,2,1,2,6,6,4,1,1,1,2,4,2,1,3,3,4,2,2,1,3,2,4,5,4,5,4,5,1,2,6,4,5,1,1,3,3,2,2,2,2,2,1,1,5,1,2,2,3,2,1,2,1,1,2,4,3,2,3,1,4,3,3,3,2,2,2,2,4,5,1,5,2,1,4,5,1,1,3,2,2,1,2,2,1,1,2,5,1,2,3,1,2,1,3,2,5,1,4,1,3,3,1,5,7,1,2,3,5
9050748,,Female,18,1,6,1,4,1,1,1,1,3,5,1,2,1,1,1,1,2,2,1,1,1,1,1,3,2,1,2,8,1,5,5,3,1,1,2,4,2,1,1,2,1,1,1,1,7,1,1,1,1,1,1,3,5,1,7,6,1,1,1,1,3,1,1,1,1,3,2,1,4,1,5,7,2,3,1,5,3,1,8,1,1,1,1,6,1,1,1,6,3,1,3,1,1,1,1,1,3,1,8,1,4,2,8,1,3,1,2,1,1,4,1,6,2,8,1,1,1,4,5,6,1,2,1,1,1,1,2,2,3,1,1,1,1,2,2,1,3,1,1,6,1,7,1,1,1,1,1,1,1,4,2,1,1,1,8,4,1,1,1,1,1,1,5,1,1,2,4,1,1,1,1,2,7,1,2,1,1,3,1,1,1,4,1,3,1,1,1,4,1,1,6,6,1,4,8,1,4,1,1,5,1,3,3,6,1,6,1,2,8,1,1,1,7,4,2,1,1,1,1,1,1,2,5,4,2,1,1,3,1,2,1,5,2,1,1,5,3,1,6,2,6,2,4,2,5,2,8,1,5,2,1,1,1,1,4,6,3,3,1,2,1,1,1,1,1,2,6,6,1,1,1,1,1,1,1,3
9054605,,Female,20,1,1,2,5,1,1,2,1,1,1,1,1,1,1,1,1,1,1,1,1,1,5,1,1,1,1,1,5,1,2,3,1,1,1,1,5,3,1,2,1,1,1,1,1,6,1,2,1,1,2,1,1,1,1,5,1,1,1,1,1,9,1,1,3,1,5,1,1,1,1,1,1,1,1,1,1,1,1,2,2,1,2,1,1,1,1,1,1,2,1,1,1,1,1,1,1,5,1,1,1,1,1,7,2,1,1,1,1,1,1,1,1,1,1,1,1,1,1,1,1,1,1,1,5,1,1,1,3,5,1,1,1,1,1,1,1,6,1,1,1,1,1,5,1,1,1,1,1,1,3,1,1,1,1,1,1,1,1,1,2,1,1,1,2,4,3,1,1,1,4,1,2,1,1,1,1,1,1,1,2,1,1,1,2,1,1,4,1,1,1,5,1,1,1,1,1,3,1,2,1,1,1,1,1,1,2,4,1,1,2,1,1,4,1,1,4,1,1,1,1,1,1,4,7,1,1,1,1,1,1,1,1,1,1,5,1,1,1,1,1,1,1,5,1,1,1,1,1,5,1,1,2,5,1,1,5,1,1,1,2,1,1,1,1,1,1,1,2,1,1,4,5,1,1,1,5
9103867,,Female,20,2,1,1,5,8,1,2,1,1,5,3,1,1,3,5,3,5,1,1,1,1,1,1,2,1,5,6,2,4,5,4,1,1,1,4,7,4,1,1,1,1,1,1,1,5,5,1,3,1,1,1,4,4,1,4,3,1,1,4,7,5,1,1,3,1,5,1,2,7,1,7,7,4,5,1,1,1,1,9,1,1,3,5,4,1,1,1,7,3,6,3,5,5,7,1,1,6,1,6,1,3,4,8,6,1,1,1,3,1,4,3,2,1,5,1,1,1,5,3,5,1,1,5,7,1,4,5,4,2,4,1,1,1,2,1,2,3,1,3,7,1,1,1,1,1,2,1,1,1,3,6,1,1,1,1,1,4,1,1,1,1,1,1,1,1,1,4,1,3,1,1,1,5,1,1,2,1,1,5,1,1,2,1,1,1,1,1,1,7,3,4,1,3,1,5,3,1,3,1,1,1,1,1,5,4,5,1,1,1,1,1,1,8,1,1,1,1,1,1,1,1,1,1,5,3,1,3,1,1,3,1,1,4,1,1,1,5,1,3,1,8,1,5,7,4,3,6,5,5,5,1,1,1,1,3,1,1,5,1,1,1,1,1,1,2,5,1,2,1,1,7,2,7,1,1,1
9107479,,Female,18,2,2,3,6,8,1,5,2,4,7,3,3,5,5,5,5,2,2,1,2,2,1,4,2,4,4,2,5,3,6,5,3,1,5,2,6,2,2,3,4,2,3,2,2,6,6,1,1,4,2,1,2,5,2,6,4,4,4,1,6,5,7,5,7,5,5,5,1,1,2,4,5,3,2,1,5,3,1,4,3,2,5,3,6,1,1,8,7,1,3,5,5,3,3,3,5,5,2,4,1,4,3,8,6,4,2,2,4,2,3,2,1,4,5,3,3,2,1,5,2,4,7,6,3,1,5,8,2,6,1,1,5,2,6,3,1,2,3,6,3,1,1,2,4,3,2,2,5,2,5,4,1,3,7,8,1,3,1,4,2,2,1,1,3,3,7,8,1,2,3,5,6,3,1,2,3,2,1,3,3,3,5,1,5,2,2,2,1,2,3,8,1,4,6,6,6,5,2,3,5,4,2,3,1,1,2,2,4,3,3,4,2,2,1,2,4,2,3,1,2,4,7,7,8,7,2,3,2,5,3,6,3,4,3,5,3,6,3,3,2,6,1,5,7,6,6,1,2,2,3,3,5,2,4,1,5,4,5,5,3,2,1,2,1,2,5,1,4,4,3,7,7,3,3,2,6
9107639,,Other,19,1,1,4,2,7,1,1,1,1,1,1,1,1,1,4,3,2,3,1,1,1,1,1,1,1,4,1,1,3,1,1,1,1,1,1,2,1,1,1,1,1,1,1,1,6,6,1,1,1,1,1,3,1,1,6,1,1,1,1,2,9,2,1,1,1,1,2,1,1,1,6,6,1,1,1,2,1,1,5,1,1,3,1,2,1,1,1,2,1,1,2,1,1,1,1,1,1,1,1,1,1,1,7,1,1,1,1,2,1,4,1,1,1,3,1,1,1,1,3,1,4,1,1,7,1,1,1,2,4,1,2,1,1,1,1,1,1,3,1,5,1,1,1,1,4,1,1,1,1,2,3,1,1,1,5,1,1,1,2,1,1,1,1,1,1,4,4,1,4,1,2,3,4,1,1,2,1,1,1,1,1,2,1,1,1,1,1,1,1,1,5,1,3,3,8,1,1,2,1,1,1,1,7,1,1,1,1,1,3,4,1,1,1,1,1,4,1,1,1,1,1,1,2,1,1,1,1,1,1,2,1,3,1,1,1,1,1,1,1,1,1,3,3,4,1,4,1,1,1,1,1,1,1,1,1,1,1,1,1,1,1,1,1,1,1,4,1,5,1,1,1,8,1,1,1,4
9110660,,Female,19,1,1,1,5,1,1,1,1,1,1,1,2,1,1,1,1,5,3,1,1,1,1,1,1,1,7,1,1,5,1,1,1,1,1,3,1,2,1,1,1,1,1,1,1,7,4,1,1,1,1,1,4,5,1,5,5,1,2,1,3,1,1,1,2,1,1,2,1,1,1,2,1,1,1,1,3,1,2,3,1,1,1,1,4,3,3,5,7,5,1,1,1,1,4,1,1,7,1,1,1,1,1,6,1,1,1,1,1,1,1,1,3,1,6,1,1,1,1,6,1,1,3,2,2,1,3,4,3,5,2,1,1,3,1,3,1,5,1,2,1,1,1,1,1,3,1,1,1,3,1,1,3,3,4,6,1,1,1,1,1,1,1,1,1,1,4,7,3,1,1,1,7,7,1,1,3,1,1,3,1,1,1,1,2,1,2,3,1,2,2,2,4,1,1,1,2,5,8,3,1,1,1,2,1,1,5,1,1,1,1,1,1,1,1,1,1,1,1,1,1,1,1,2,6,1,1,1,1,3,6,1,5,2,2,2,1,2,1,1,1,1,1,1,3,3,3,6,4,1,1,1,1,2,1,1,3,1,1,1,2,1,1,3,1,3,1,2,1,1,1,6,5,4,2,1,1
9114103,,Female,47,1,4,2,5,4,1,3,1,4,1,1,1,1,2,1,3,5,2,1,1,1,1,1,2,1,4,5,1,1,1,1,1,1,1,1,1,4,1,2,2,1,1,1,1,1,3,1,2,3,1,1,1,1,1,3,1,1,1,1,1,1,5,1,1,1,1,1,2,1,1,1,1,1,1,1,1,4,1,1,2,1,1,1,1,1,1,1,1,1,1,1,1,1,1,1,1,1,1,1,1,1,1,5,1,2,1,1,1,1,1,2,1,1,1,1,1,1,1,1,1,1,1,1,1,1,1,4,1,2,1,1,1,2,1,1,1,2,1,1,5,1,1,1,1,1,1,1,1,1,3,5,1,1,2,1,1,1,2,1,1,1,1,1,1,1,1,3,1,5,1,1,2,4,1,2,1,1,1,2,1,1,1,1,1,1,1,1,1,1,1,1,1,1,5,1,1,1,1,1,2,1,1,1,1,1,1,1,1,1,1,1,1,1,1,4,1,1,1,1,1,1,2,1,1,1,1,1,1,1,3,4,1,1,1,1,1,1,1,1,1,1,1,2,3,4,1,5,1,1,1,1,5,1,1,1,1,1,1,1,1,1,1,1,1,1,1,1,1,1,1,1,4,1,3,1,1
9114860,,Female,19,1,1,1,3,4,1,1,1,1,4,2,1,2,3,4,1,3,2,2,1,1,3,4,2,3,3,3,1,1,1,5,1,1,1,7,4,4,1,1,1,1,1,1,1,8,7,3,1,2,1,1,2,2,1,4,4,1,4,1,6,8,1,1,6,1,1,4,2,2,1,6,1,1,1,1,1,1,1,5,1,1,4,2,1,1,1,1,7,1,1,3,2,2,6,1,1,2,1,1,1,2,3,2,2,1,1,6,5,4,2,2,5,1,4,3,1,1,4,5,2,1,2,1,6,1,1,3,5,3,2,3,1,1,2,1,3,4,1,3,4,1,1,4,1,1,1,2,1,3,6,6,1,1,2,7,1,2,1,1,1,1,1,1,1,2,4,4,1,1,1,1,2,3,1,2,1,1,1,6,1,1,2,2,2,2,1,1,2,4,2,4,2,4,6,7,5,4,1,2,3,4,2,3,1,3,3,3,3,4,1,1,4,5,3,3,3,1,2,1,1,1,7,5,1,1,2,4,2,2,1,1,1,1,2,1,2,1,1,4,1,7,2,2,5,3,1,3,1,3,3,1,1,1,1,2,1,2,1,1,2,2,1,3,1,1,2,1,5,2,1,6,3,1,1,1,6
9133901,,Female,19,4,1,1,3,1,1,1,1,1,1,1,1,1,1,5,2,5,2,1,1,1,1,2,1,2,1,1,1,1,4,1,1,1,1,1,2,3,1,1,1,1,1,1,1,8,6,1,3,1,1,1,2,2,1,5,1,1,1,1,1,9,1,1,1,2,2,1,1,1,1,3,1,1,1,1,1,1,1,2,1,1,1,1,4,2,3,1,3,3,1,3,2,1,1,1,1,1,1,1,2,1,5,8,3,2,1,2,1,1,1,1,1,1,1,4,1,4,3,1,1,1,1,1,4,3,2,4,1,1,1,1,2,2,1,1,1,2,1,2,3,1,1,1,1,1,1,1,1,1,7,7,3,1,1,1,1,1,1,1,1,1,1,1,1,1,3,8,1,1,1,1,3,1,2,2,1,1,1,1,1,1,5,1,1,1,1,1,1,2,1,5,1,2,1,6,1,3,1,3,4,1,1,1,2,1,2,1,1,1,1,1,1,3,1,1,1,1,1,1,1,1,5,5,5,1,1,1,1,1,1,1,1,1,1,1,1,1,1,1,1,5,1,4,6,2,4,1,1,1,1,1,1,1,1,1,1,1,1,1,1,1,1,1,3,1,1,1,2,2,1,6,1,1,1,1,1
9139755,,Other,19,1,1,2,2,5,1,1,1,5,4,1,2,1,3,3,2,6,2,1,1,1,1,2,1,3,6,3,1,4,1,1,1,1,1,2,6,4,1,1,2,1,1,1,2,7,7,1,1,1,1,1,6,2,1,7,3,1,4,1,2,8,1,1,2,1,3,3,2,1,1,6,3,1,1,1,4,1,1,3,1,1,1,1,7,2,1,2,2,1,1,4,3,1,1,1,2,3,1,3,1,1,3,7,1,2,1,1,1,2,4,1,1,1,1,1,1,1,1,5,1,2,3,3,3,1,3,7,1,7,1,1,2,3,3,1,1,1,1,2,1,1,1,2,2,2,2,1,5,1,7,3,1,4,2,8,1,3,1,4,2,1,1,1,1,2,6,7,2,1,1,3,5,7,1,2,1,2,1,1,5,1,4,1,2,1,2,1,2,3,1,4,3,1,2,3,1,1,4,3,4,1,1,2,1,2,1,1,4,4,3,4,1,3,1,1,2,1,1,1,1,1,1,4,6,5,1,1,3,1,2,1,4,2,4,2,3,6,1,1,1,1,1,2,3,3,5,1,1,1,1,1,1,1,3,1,1,2,3,2,2,1,1,2,4,1,2,1,3,1,1,6,5,1,1,1,2
9139789,,Male,19,2,3,2,3,7,1,4,2,2,7,1,5,3,3,5,3,1,3,2,1,3,2,3,5,2,2,3,2,2,2,1,1,3,2,2,5,1,3,2,2,2,5,2,3,5,5,2,1,3,2,1,3,4,4,4,1,5,2,1,7,8,2,4,5,2,6,3,4,1,2,6,6,1,1,1,5,3,1,3,1,1,1,3,3,1,1,3,4,3,1,5,4,1,1,6,1,7,2,3,3,5,5,7,5,6,5,5,1,3,6,4,1,2,4,2,1,1,1,2,4,1,3,3,6,4,5,6,2,7,1,2,5,6,3,2,4,2,7,3,2,2,7,6,4,2,7,2,4,4,8,7,2,2,5,8,1,3,3,2,4,1,4,1,5,2,5,3,3,1,1,3,1,6,3,6,7,2,1,4,6,5,7,3,7,2,2,1,1,6,2,3,3,5,6,2,1,1,3,5,2,1,1,5,2,7,3,4,2,6,2,3,7,1,1,2,1,2,2,2,1,2,2,5,7,3,1,2,1,6,5,5,7,3,5,3,6,6,6,3,1,4,3,7,5,2,5,2,2,2,2,2,5,1,2,3,2,2,1,2,2,2,2,5,6,3,5,2,3,5,4,6,5,3,3,3,6
9148973,,Male,21,5,7,5,6,8,2,5,1,2,4,5,6,3,4,4,3,8,6,2,2,3,2,5,2,5,5,5,4,4,3,4,2,2,2,3,7,6,2,2,4,2,2,2,3,7,8,4,4,4,6,1,5,3,2,4,2,2,4,5,1,8,5,3,6,3,5,4,4,1,1,6,7,2,1,1,4,2,2,7,6,3,3,2,3,3,3,7,8,4,3,7,4,3,6,2,4,7,4,3,2,2,5,7,5,5,5,1,6,5,6,3,3,4,4,2,2,1,4,6,3,1,4,4,7,2,5,8,7,6,1,1,3,3,5,1,2,2,5,3,5,1,5,1,3,6,5,2,6,1,8,6,2,3,4,8,4,3,1,2,5,2,2,6,2,1,7,7,5,5,5,3,7,7,3,3,1,2,2,1,4,2,8,2,6,3,3,2,2,5,3,7,3,6,3,6,2,5,3,6,6,3,1,3,3,3,4,1,2,4,2,2,4,1,1,1,2,3,1,1,1,3,4,4,6,7,2,2,2,5,7,4,6,3,4,4,4,6,3,4,5,7,5,5,6,3,3,7,2,2,4,4,3,2,3,3,1,4,2,2,3,1,6,4,6,3,6,1,7,5,2,7,3,3,2,3,6
9152150,,Female,19,1,1,1,2,1,1,1,1,1,1,1,1,1,1,1,1,2,2,1,1,1,1,1,4,1,2,1,3,1,1,1,1,1,1,2,1,1,1,1,1,1,1,1,1,1,7,1,1,1,1,1,1,1,1,1,1,1,1,1,1,7,1,1,1,1,2,2,2,1,4,1,1,2,1,1,2,1,1,3,1,1,1,1,1,1,1,1,1,1,1,1,1,2,1,2,2,1,1,2,1,1,1,1,1,1,1,1,2,1,1,1,1,2,1,2,1,1,2,1,1,2,1,1,1,1,2,1,2,1,1,1,1,2,2,1,1,1,2,1,1,1,1,1,1,1,1,1,1,1,3,1,1,1,1,5,1,1,1,1,1,1,1,1,2,2,1,4,1,2,1,1,1,2,1,1,5,1,1,1,1,1,5,2,1,1,1,1,1,1,3,1,1,3,1,1,1,1,2,1,1,1,2,1,1,2,1,1,1,1,2,1,1,5,1,1,1,1,1,1,2,1,1,3,1,1,1,1,1,1,1,1,1,2,1,4,1,1,1,1,2,1,1,1,1,2,1,1,1,1,1,1,3,1,1,1,2,1,2,1,1,1,1,1,2,1,1,1,1,1,1,4,1,1,1,2,1
9155646,,Female,20,1,1,1,3,3,1,1,1,1,4,1,1,1,1,5,1,3,2,1,1,1,1,1,1,1,2,3,1,2,2,1,1,1,1,2,3,2,1,1,2,1,1,1,1,6,2,1,1,1,1,1,1,2,1,2,1,1,2,1,3,5,2,1,2,1,2,2,1,1,1,2,2,1,1,1,1,1,1,3,2,1,1,1,2,1,1,1,2,3,1,1,1,1,1,1,1,2,1,2,1,1,1,5,1,1,1,1,1,1,2,1,1,1,2,1,1,1,3,3,2,1,1,2,2,1,1,3,1,2,1,1,1,1,1,1,1,1,2,2,2,1,1,1,1,1,2,1,1,1,5,2,1,1,1,5,1,1,1,1,1,3,1,1,2,2,2,2,1,1,1,1,2,4,1,2,2,1,1,1,1,1,4,1,3,1,1,1,1,2,2,2,1,2,2,2,2,2,1,1,2,1,1,1,2,1,1,1,1,2,1,1,1,3,1,1,2,1,1,1,1,1,2,2,2,2,1,1,1,2,1,1,1,2,1,2,2,1,1,3,1,5,2,3,1,1,2,2,1,1,1,1,1,1,1,1,1,1,1,1,1,1,1,1,2,1,2,1,2,2,1,2,4,1,1,1,4
9165099,,Female,19,2,1,3,3,3,1,1,1,1,3,1,1,1,3,3,2,4,5,1,1,1,1,2,1,1,6,1,2,2,2,1,1,1,2,2,4,2,2,2,1,1,1,1,1,7,7,2,1,1,1,3,2,3,2,6,1,1,3,2,2,7,1,1,2,1,4,2,2,1,1,5,2,1,1,1,2,2,1,4,1,1,2,1,2,1,1,4,5,1,1,2,2,4,1,1,1,4,1,2,1,1,1,7,2,1,1,1,1,1,3,1,1,1,4,1,1,1,1,2,1,2,2,2,3,1,1,2,3,5,1,1,2,2,1,1,1,3,2,2,4,1,1,1,1,1,1,1,1,1,5,2,2,4,2,8,1,2,4,1,4,1,1,1,1,1,3,2,1,1,1,1,1,6,2,2,1,1,1,1,1,1,2,3,2,1,1,1,1,1,2,4,2,2,2,3,2,2,2,1,2,2,2,2,1,2,1,1,1,1,2,2,2,1,1,2,1,2,1,1,1,1,7,3,7,3,1,1,1,5,1,1,2,1,1,2,2,2,1,3,1,3,2,2,3,6,2,2,1,1,2,1,1,1,2,2,1,1,2,1,1,2,1,1,1,1,3,1,3,1,2,4,3,1,1,2,5
9166737,,Other,19,3,7,2,7,1,1,1,1,2,6,1,3,2,2,6,4,1,4,1,1,1,4,6,2,2,5,5,3,2,4,1,2,1,1,4,4,8,1,2,2,1,2,1,1,7,4,1,1,1,5,2,6,1,1,4,7,2,2,2,4,4,2,7,2,1,5,1,3,1,1,1,8,3,1,1,2,4,3,8,1,1,2,2,6,3,1,1,8,1,1,3,1,1,1,3,2,5,3,7,2,6,6,3,4,3,1,1,3,3,2,2,5,2,8,1,2,1,7,5,6,1,1,5,8,1,4,5,1,5,1,1,2,6,1,1,1,7,3,2,3,1,3,7,2,1,3,6,1,3,7,7,1,4,2,8,6,1,4,1,2,1,1,1,1,2,7,7,2,1,2,1,6,8,2,1,3,1,1,7,3,1,3,1,4,1,6,1,1,4,1,3,3,2,1,6,1,2,5,2,2,2,2,1,6,3,5,4,1,6,4,2,2,7,1,2,1,1,3,1,1,1,1,8,1,1,1,1,6,8,5,2,3,1,3,1,3,5,2,4,2,7,1,2,4,7,2,2,2,3,1,4,1,2,1,1,3,2,5,2,2,1,1,1,7,1,1,1,4,2,3,1,3,1,1,1,3
9169938,,Female,19,3,5,4,5,4,3,3,2,3,4,3,4,2,3,6,5,5,4,2,3,4,4,4,4,4,4,4,4,4,3,6,2,3,2,2,6,5,3,4,3,3,5,2,3,5,5,4,3,2,4,3,4,5,4,4,3,3,5,3,6,5,5,3,4,3,4,4,2,3,3,2,7,4,2,2,3,4,1,7,3,2,3,3,3,6,2,4,2,6,2,4,3,3,2,3,4,3,4,4,4,4,5,7,4,3,3,4,4,6,7,2,5,2,5,2,2,3,7,6,5,2,4,4,3,3,3,5,3,5,1,3,3,4,3,2,2,5,5,4,8,2,6,3,2,4,6,5,4,3,4,4,2,4,4,5,3,2,3,4,3,3,3,3,3,4,4,5,2,5,3,5,4,5,4,5,3,4,3,3,4,5,6,3,3,4,3,2,3,4,3,5,3,3,5,8,2,3,5,4,2,4,4,3,4,3,5,2,4,7,6,2,3,7,3,3,4,5,4,4,3,4,3,4,5,5,3,3,4,3,6,4,4,3,4,5,5,6,5,6,4,5,6,5,4,3,5,6,3,3,4,4,3,5,2,4,4,5,3,4,4,2,4,4,6,3,3,2,5,5,3,3,4,1,2,4,4
9179721,,Female,19,2,8,7,7,8,2,5,2,6,9,4,2,3,2,8,5,6,8,4,1,2,2,8,5,4,4,6,8,2,7,5,3,2,4,7,6,8,4,5,4,3,3,3,4,7,5,5,3,2,6,2,8,6,3,5,4,7,6,4,7,8,5,7,8,2,6,3,3,4,3,4,8,6,2,2,4,5,1,7,4,3,3,1,3,4,4,3,7,1,4,6,1,1,1,3,3,3,2,8,7,3,8,6,7,1,6,4,2,7,7,4,3,5,8,1,2,2,2,6,4,2,4,9,7,4,7,6,3,5,1,3,6,6,6,3,1,7,3,2,8,2,4,1,3,2,6,6,3,2,7,4,5,4,5,4,6,3,4,3,4,6,5,3,3,5,6,8,3,1,2,8,5,8,5,2,3,2,2,2,4,2,7,3,6,2,2,2,2,5,3,7,5,6,3,5,4,6,7,3,1,3,2,4,6,3,3,1,3,9,7,4,3,9,2,2,2,3,1,2,2,2,6,7,7,6,3,2,3,5,6,3,7,6,4,6,6,3,5,1,1,7,4,6,5,4,4,6,7,2,3,7,1,6,4,5,1,2,4,6,6,2,5,5,6,5,6,2,2,3,3,3,8,1,2,3,6
9207849,,Female,19,1,6,4,3,6,2,2,1,2,5,1,2,2,3,4,1,4,5,3,1,1,1,5,1,3,3,1,6,4,2,8,1,1,2,1,4,6,1,4,4,1,1,1,1,5,3,3,1,2,2,2,2,3,1,2,2,1,2,1,4,4,3,4,6,1,3,2,1,5,3,4,3,3,1,1,3,2,1,6,2,1,3,1,5,1,3,3,2,2,2,2,3,3,1,2,1,2,1,4,1,1,5,2,6,1,2,2,2,2,3,3,4,3,5,1,1,1,1,4,2,1,3,5,2,1,2,6,1,6,2,1,3,2,1,1,1,2,5,3,2,1,1,1,1,2,2,1,1,1,3,4,1,4,1,5,3,2,1,2,2,1,1,1,2,1,6,5,1,2,1,3,2,5,4,2,5,2,1,1,3,2,4,1,3,2,2,1,1,2,1,6,3,2,1,8,2,3,4,2,1,5,4,1,2,2,1,1,5,1,4,2,3,5,1,1,1,2,1,1,1,1,6,3,3,4,1,1,3,3,5,1,3,5,4,2,4,5,2,1,1,1,4,5,5,2,2,4,1,1,2,5,5,3,2,2,1,2,2,2,2,2,1,4,2,2,2,1,5,1,1,4,6,1,1,1,6
9210931,,Female,20,4,3,7,4,7,4,2,1,2,7,5,5,3,6,6,6,6,5,3,1,1,6,8,5,7,6,7,6,4,2,2,6,4,1,6,7,6,6,6,4,6,3,1,1,2,7,2,5,5,2,4,7,6,5,7,4,4,6,2,7,7,2,3,6,2,7,6,6,6,6,7,7,4,1,2,7,5,5,8,6,1,7,1,6,6,5,7,6,3,4,7,7,4,1,2,3,5,6,7,1,4,6,7,3,2,4,2,5,1,5,4,5,3,6,3,3,1,3,6,6,5,5,2,6,5,7,6,2,7,2,6,3,5,5,5,4,7,5,8,6,2,7,4,1,1,2,5,1,3,3,2,6,7,4,8,2,5,7,4,3,1,2,3,4,1,6,8,4,1,2,1,7,8,3,4,6,1,2,4,3,5,6,6,6,7,2,5,2,7,6,7,6,6,3,7,7,3,8,6,7,2,6,4,6,3,3,3,1,4,3,3,4,6,2,3,6,3,2,4,2,5,7,4,7,6,1,2,5,6,7,3,6,7,6,1,6,4,6,7,7,8,6,7,8,7,7,7,5,1,7,1,7,1,6,4,5,6,6,3,6,7,4,4,6,2,8,5,8,1,2,7,7,1,4,3,8
9215898,,Female,20,2,4,2,4,7,3,3,2,2,2,2,3,3,2,5,4,6,4,2,1,2,4,3,4,3,4,4,5,3,4,2,2,3,3,2,5,3,2,4,2,2,3,2,2,6,6,3,1,3,3,2,5,1,3,5,2,2,3,1,4,7,5,1,4,1,4,3,2,1,2,4,2,2,1,1,2,4,4,2,2,2,2,2,5,2,4,4,4,4,2,5,4,2,2,4,2,4,3,2,2,3,3,5,2,3,1,2,2,2,5,3,2,2,4,3,2,1,2,5,6,3,3,5,4,4,3,4,4,5,2,2,4,4,3,3,2,4,3,4,5,1,2,3,2,2,2,2,3,2,5,4,2,6,6,8,3,2,1,2,2,3,2,2,2,2,2,6,2,2,3,3,5,6,3,2,3,2,1,1,4,3,2,3,2,1,2,1,2,2,3,2,3,4,4,2,1,3,3,4,5,3,2,3,3,4,2,3,3,2,2,3,3,1,2,2,3,2,2,2,3,2,5,3,3,4,2,2,1,3,4,5,5,4,3,4,5,5,4,4,2,4,3,5,4,3,5,2,2,1,2,2,3,2,3,4,3,3,2,2,2,2,3,2,2,4,5,1,5,4,2,4,5,2,4,2,2
9221436,,Female,19,4,7,6,7,7,4,4,2,5,8,2,2,3,4,7,5,6,4,3,4,1,6,7,6,5,5,6,7,6,7,7,4,3,3,6,7,5,2,6,4,6,2,1,2,8,7,4,2,6,6,4,6,4,3,8,6,4,5,2,6,8,6,3,4,2,6,7,5,4,6,6,7,3,3,1,4,3,2,8,4,3,4,4,6,3,5,6,7,3,3,7,7,2,3,3,5,6,2,6,1,3,6,8,6,6,4,2,3,3,8,4,6,3,8,5,3,1,1,7,3,2,7,4,7,6,7,5,6,8,3,3,4,3,7,2,5,6,5,4,5,3,7,5,4,3,5,3,4,4,8,6,4,5,3,8,4,6,4,5,4,5,2,2,4,1,8,8,3,2,5,6,7,8,6,3,4,3,1,3,3,2,6,4,7,4,6,4,3,3,3,7,4,6,6,3,3,5,4,3,6,6,7,6,7,5,4,2,3,5,3,5,6,8,4,4,6,3,3,4,2,3,8,4,7,8,4,2,7,6,7,5,7,2,5,6,6,4,2,3,4,8,7,6,7,7,6,8,3,7,6,2,4,3,5,4,3,3,7,6,3,4,3,3,3,6,5,3,8,3,4,3,7,2,2,3,7
9232429,,Female,19,3,2,3,3,4,1,1,2,1,3,1,2,1,4,7,2,6,5,1,3,2,2,6,1,5,2,6,4,3,3,2,2,2,2,1,6,6,4,4,1,3,3,1,3,3,6,1,1,4,1,1,5,2,1,7,1,2,3,1,3,7,1,1,1,5,1,3,2,1,2,6,2,1,1,1,1,2,3,5,2,3,5,9,2,2,2,3,2,3,3,2,5,2,1,2,4,3,2,5,1,2,2,7,2,2,4,2,2,3,7,2,2,2,2,2,4,4,2,5,1,2,3,1,5,2,2,4,6,5,2,2,2,4,3,2,2,2,4,4,3,3,2,1,1,3,1,1,2,1,5,5,1,3,2,6,2,1,2,2,1,2,3,2,1,2,5,3,2,2,2,1,2,2,2,2,3,2,1,1,2,2,3,2,4,2,4,2,1,2,3,4,2,5,3,5,3,2,1,1,6,2,3,2,2,4,2,2,2,2,2,1,1,5,3,3,3,4,1,2,2,1,1,4,7,1,2,2,4,3,2,2,2,2,1,2,3,3,2,1,5,5,3,5,5,3,2,2,2,2,5,2,1,1,5,4,2,1,4,2,2,2,2,2,3,2,2,2,2,4,2,1,7,3,4,1,8
9266672,,Female,19,1,3,2,4,3,3,2,1,1,6,2,4,3,2,4,1,7,3,4,1,2,4,2,3,2,5,2,6,1,2,5,3,2,2,2,3,5,3,4,2,3,4,1,1,6,4,1,1,4,2,2,4,7,2,2,2,1,4,2,5,8,6,1,4,1,3,3,2,5,2,3,5,1,4,4,5,5,2,4,4,4,2,1,5,1,5,4,4,1,2,4,3,3,1,1,3,4,2,5,2,2,2,7,2,1,2,3,1,4,4,1,5,2,2,4,2,1,5,6,3,2,4,2,1,2,2,5,3,7,3,1,3,2,3,2,1,5,2,2,3,2,2,1,2,2,3,4,3,2,4,3,2,2,1,7,4,3,2,2,2,2,1,1,1,2,4,5,4,1,1,3,2,5,1,1,2,4,1,3,4,2,5,4,2,1,2,3,3,3,3,5,1,2,2,2,3,3,3,3,1,3,4,2,2,4,2,2,2,2,2,2,4,4,2,4,1,3,2,3,2,2,4,2,5,1,2,1,1,4,1,3,2,5,2,2,2,4,3,5,1,4,4,4,3,5,2,5,2,2,2,1,6,3,2,2,1,2,2,4,3,1,1,2,1,4,4,3,3,1,2,5,6,2,1,1,3
9294988,,Male,19,2,2,1,2,1,1,1,1,1,3,1,2,1,2,7,2,2,1,1,1,1,1,5,1,1,1,3,5,3,3,1,1,1,1,1,4,2,1,1,1,1,2,1,1,5,2,2,1,1,1,1,1,1,2,3,2,1,2,1,2,1,3,1,2,1,1,2,3,3,4,1,2,1,1,1,1,2,1,1,1,1,1,1,1,1,2,1,2,1,1,2,2,1,1,1,2,1,1,2,1,2,2,2,3,1,2,1,2,2,2,2,3,1,7,2,1,1,2,2,2,1,4,2,2,1,2,2,2,7,1,2,2,2,2,1,1,1,2,1,3,1,3,2,1,2,1,2,1,2,7,3,1,2,3,7,1,2,1,2,1,2,2,2,1,1,3,3,1,2,1,3,4,3,1,2,1,1,1,1,1,1,5,1,2,2,2,2,1,1,1,2,2,2,1,4,1,2,2,1,1,2,1,1,1,2,4,1,2,2,1,1,2,1,1,2,4,1,1,1,1,2,1,2,2,2,2,1,3,2,1,2,1,2,1,1,1,2,2,3,1,2,3,2,2,2,1,1,1,1,1,2,2,1,8,2,1,1,3,2,1,2,1,1,2,2,2,2,1,2,1,2,2,1,2,2,2
9299784,,Female,20,2,1,3,5,3,1,2,1,2,3,2,2,3,1,3,2,3,4,1,2,1,2,2,1,1,4,2,2,6,5,3,3,2,1,3,3,2,1,1,1,1,1,1,2,7,5,1,1,3,1,1,4,3,2,3,3,1,1,1,5,6,3,1,1,1,2,2,1,1,1,3,1,1,1,1,3,1,1,4,2,1,2,1,5,1,1,2,3,6,2,4,5,1,1,1,2,5,2,3,2,2,5,1,5,3,2,1,1,1,3,3,1,1,1,1,1,1,1,4,2,1,3,4,5,2,4,6,3,7,1,1,5,6,2,2,1,3,4,1,2,1,1,5,1,1,2,1,2,1,6,5,1,4,2,7,1,2,2,1,1,3,1,1,2,1,3,5,1,2,1,1,3,2,2,2,2,1,1,1,2,1,3,3,1,1,1,1,1,6,1,5,1,5,3,6,2,2,2,2,6,1,1,2,1,2,2,1,1,1,2,1,3,1,1,2,1,1,3,1,1,1,5,7,5,1,4,1,2,5,3,2,3,1,2,1,2,2,3,1,3,2,3,3,4,3,4,3,1,2,1,1,1,2,2,3,2,4,1,1,3,1,1,2,1,2,1,1,2,1,2,5,6,2,2,1,1
9307354,,Female,20,1,3,2,5,6,1,1,1,2,1,1,3,5,1,2,1,2,3,1,1,1,1,1,1,2,3,5,1,4,6,1,1,2,1,1,7,1,1,2,2,1,4,1,1,4,5,1,1,2,1,2,2,1,3,1,3,3,1,1,1,4,1,1,1,1,2,1,1,1,2,1,5,4,1,1,2,2,1,8,1,1,1,1,1,2,1,1,6,5,1,1,1,1,1,1,1,7,1,8,1,4,5,1,2,1,3,1,1,1,1,2,1,1,1,1,1,2,6,1,1,1,1,2,7,1,1,6,1,7,1,1,3,2,2,1,1,1,2,1,6,1,5,1,1,3,6,3,2,1,3,2,2,1,1,8,1,1,2,1,2,3,5,1,1,2,1,3,2,1,1,1,5,3,1,1,4,3,1,1,2,1,3,1,2,1,1,1,1,1,1,1,2,1,1,8,1,3,1,1,1,2,1,1,6,1,2,1,1,3,5,1,5,8,2,1,1,1,1,1,1,1,5,1,1,1,1,1,1,1,4,1,1,2,2,1,1,1,2,1,1,1,2,1,5,2,5,1,4,1,6,3,1,1,2,1,1,1,8,1,4,1,1,1,3,1,1,1,8,6,2,1,2,1,1,1,1
9340125,,Female,20,6,6,4,4,7,2,4,3,3,3,3,5,3,7,5,7,7,6,4,3,4,3,6,2,6,6,3,5,7,5,4,1,4,3,4,6,5,2,5,4,3,5,1,2,6,8,4,2,5,4,3,7,6,4,6,5,4,6,6,5,8,7,3,8,4,6,5,2,4,3,6,6,4,2,5,6,4,6,5,6,5,4,4,6,6,6,5,5,5,5,6,3,4,5,2,4,6,4,6,3,6,3,8,5,4,5,1,4,5,6,4,5,4,6,4,2,5,3,6,5,2,4,5,7,3,4,6,6,6,6,3,6,2,5,4,2,7,4,5,6,3,4,6,1,2,3,1,2,4,6,4,5,7,5,5,5,4,7,3,2,2,4,4,6,1,5,8,4,4,2,3,7,7,3,4,6,1,3,2,5,2,6,7,5,6,3,5,3,6,4,7,6,5,4,6,5,5,3,8,4,5,3,7,2,5,3,3,6,1,4,7,7,5,2,4,6,4,3,3,2,4,7,6,6,5,4,4,4,7,6,4,7,4,4,6,6,5,3,3,5,4,6,8,3,8,4,4,2,3,7,4,6,3,3,7,7,5,7,4,5,4,4,4,4,6,5,5,4,6,2,6,7,5,4,3,8
9341625,,Female,20,4,5,8,7,8,2,2,2,5,8,1,5,4,4,7,7,8,6,3,2,1,6,7,3,3,7,3,6,5,2,7,4,3,2,6,5,7,2,6,3,2,2,2,3,8,7,4,2,2,4,2,7,6,6,7,5,6,2,5,5,8,4,4,5,1,7,3,2,2,4,7,7,2,2,3,8,6,3,6,5,6,4,3,7,3,5,4,7,6,5,6,6,5,6,6,4,4,5,3,3,4,5,8,6,4,2,1,5,3,7,6,2,4,5,1,6,3,1,7,6,2,6,6,7,6,6,7,5,7,2,2,5,5,3,2,1,7,7,7,4,1,4,1,4,4,5,1,2,2,7,7,6,8,6,9,5,3,5,7,6,3,2,3,4,3,8,8,3,4,5,4,7,8,5,5,4,4,2,5,7,4,5,4,8,1,4,3,4,6,5,8,5,6,7,4,5,5,4,5,5,6,6,3,3,5,6,4,3,3,8,4,3,2,3,2,2,6,3,4,4,3,6,3,7,3,2,5,3,6,6,5,7,6,5,3,6,7,4,2,4,6,2,7,7,6,5,8,4,3,5,1,7,3,6,3,5,7,3,4,5,1,4,3,2,7,4,6,7,7,2,7,8,4,6,2,8
9343952,,Female,19,5,5,6,8,7,2,6,2,2,2,2,5,1,4,4,7,7,6,4,2,1,5,3,3,5,6,6,6,5,3,6,5,4,8,7,7,5,4,7,4,3,3,5,1,6,7,2,6,5,5,3,3,6,5,7,5,2,3,5,6,8,3,6,5,1,6,2,2,2,3,4,4,1,1,1,5,5,2,2,6,2,2,5,7,2,5,8,5,6,3,6,5,7,2,4,2,7,3,5,2,4,7,6,7,4,3,1,5,7,8,7,6,2,7,3,2,2,2,7,5,4,3,5,5,6,5,7,5,7,4,1,5,6,2,2,3,4,6,4,7,3,5,7,2,4,2,1,2,5,9,6,7,7,7,8,3,4,5,4,8,3,5,2,5,2,3,6,3,4,5,4,6,7,5,6,3,3,2,2,3,3,5,2,7,1,3,1,7,3,3,7,1,4,7,5,3,7,5,4,7,5,4,6,3,5,3,2,3,5,2,5,3,2,5,4,5,2,2,5,4,4,7,7,8,6,7,4,5,5,6,3,2,4,5,4,3,8,6,6,4,6,2,5,3,7,6,4,4,3,3,1,8,6,6,2,7,4,4,4,3,2,3,2,6,7,5,3,7,5,3,7,7,5,2,4,4
9345158,,Female,21,2,3,2,2,3,2,2,3,6,3,2,2,2,2,8,2,6,3,2,2,2,3,2,2,2,2,2,2,2,2,2,2,2,3,2,3,6,3,2,3,2,2,2,3,2,3,2,2,2,3,3,3,2,2,3,2,3,2,2,2,4,2,2,4,2,2,3,3,2,2,2,3,2,3,9,3,3,2,3,2,2,2,2,2,2,3,2,7,2,2,3,2,2,2,3,3,3,2,2,3,3,2,2,2,2,2,2,2,3,2,3,2,1,3,2,2,2,3,2,2,1,3,2,2,2,2,2,3,2,2,2,3,3,3,2,2,2,6,2,7,3,2,2,3,2,2,3,2,2,3,2,2,2,2,2,3,2,2,2,2,2,2,2,3,2,2,6,2,2,2,2,3,2,2,3,2,2,3,3,3,3,3,2,2,3,3,2,2,2,2,2,2,3,3,2,2,2,2,3,2,3,2,3,2,2,2,2,3,4,3,2,2,2,2,2,2,2,2,8,2,2,6,2,2,3,2,2,2,2,2,2,3,2,3,2,2,4,3,2,2,2,2,2,3,2,2,2,2,2,2,3,3,2,2,3,2,2,2,2,3,2,2,3,3,2,3,2,2,2,3,2,2,3,3,3,2
9391247,,Male,19,5,3,5,6,3,4,6,3,3,8,3,3,4,4,4,5,5,5,3,3,3,4,5,5,3,3,5,5,5,2,6,3,3,3,4,6,3,2,4,3,3,3,2,3,7,5,3,3,4,2,3,4,4,3,7,5,3,5,3,4,8,6,3,5,1,7,4,6,2,5,6,7,2,3,5,5,4,5,5,3,3,6,4,5,5,5,3,6,5,3,5,5,6,3,3,4,5,3,3,2,3,5,8,6,3,3,2,7,5,5,3,3,4,6,4,3,3,1,4,3,3,4,4,6,4,4,6,2,5,4,3,4,4,3,3,2,3,6,4,4,3,3,5,3,2,2,3,2,2,5,4,3,5,4,6,2,2,4,4,4,4,2,3,4,4,4,6,3,4,5,5,3,7,3,2,3,3,2,5,4,2,3,3,6,3,3,4,3,3,5,6,4,6,3,6,5,4,3,3,5,3,5,6,2,4,5,3,3,5,5,3,6,7,3,3,4,3,2,3,2,3,7,5,5,5,4,6,2,5,5,4,4,5,3,4,4,3,3,5,4,4,3,7,6,6,7,4,3,4,3,3,7,4,4,3,5,4,3,4,3,3,3,4,2,3,5,5,5,3,3,6,8,3,4,5,5
